:100000000C94C10B0C94F20B0C94F20B0C94F20BAD
:100010000C94F20B0C94F20B0C94F20B0C94F20B6C
:100020000C94F20B0C94F20B0C94F20B0C94F20B5C
:100030000C94F20B0C94904E0C94F20B0C94F20B6B
:100040000C94F20B0C94F20B0C94F20B0C94F20B3C
:100050000C94F20B0C94F20B0C94F20B0C94464E95
:100060000C94F20B0C941A4F0C94F04E0C94F20B6F
:100070000C94F20B0C94F20B0C94F20B0C94F20B0C
:100080000C94F20B0C94F20B0C94F20B0C94F20BFC
:100090000C94F20B0C94F20B0C94F20B0C94504F4A
:1000A0000C94F20B0C94F20B0C94F20B0C94F20BDC
:1000B0000C94F20B0C94F20B0C94F20B0C94F20BCC
:1000C0000C94F20B0C94F20B0C94F20B0C94F20BBC
:1000D0000C94F20B0C94F20B0C94F20B0C94F20BAC
:1000E0000C94F20B0C94FB210C94B7140C94991300
:1000F0000C94133A0C94073A0C94AE610C94820E53
:100100000C9409320C94A30E0C94FC250C948F6172
:100110000C94013A0C948B0E0C94E4150C947E0E06
:100120000C94F5390C9419220C94DC310C942A624D
:100130000C9446200C94990E0C94A1310C949C289C
:100140000C94E5630C947A0E0C941D320C943B32A3
:100150000C94E6130C94932C0C94711F0C94FE39A0
:100160000C94AB0E0C94FA310C94850E0C94133253
:100170000C9421610C94E0260C94D0260C940A3A3D
:100180000C94F8260C9470610C9429610C94B50EB3
:100190000C94C2310C9487140C94D4310C94DB1F52
:1001A0000C94F2390C94700E0C94BF500C940D3AD0
:1001B0000C9430130C94EC260C94B8310C949528C4
:1001C0000C9431610C943F130C94043A0C94193A3A
:1001D0000C941F3A0C9425250C9451610C94A7148F
:1001E0000C94EA210C9453130C9403130C942D16C5
:1001F0000C9473280C941C3A0C9492120C94B10E2B
:100200000C94510E0C94CD610C9460270C94760ED6
:100210000C9419610C940C280C94950E0C94C9281C
:100220000C94103A0C949D0E0C94CC310C94F0313B
:100230000C94B00E0C9439610C94F8390C94FB3981
:100240000C943D2C0C94A9310C9431320C947416FE
:100250000C9427320C9482280C9453240C94EC6157
:100260000C9484250C9419260C94163A0C94671F50
:100270000C94223A0C940B620C9449610C944962E0
:100280000C9411610C9461130C94E6310C9491124E
:100290000C9441610C94AE310C948F0E0C94A70E0B
:1002A0004E414E494E495459494E46CDCCCC3D0A5B
:1002B000D7233C17B7D13877CC2B329595E6241F3E
:1002C000B14F0A000020410000C84200401C4620F7
:1002D000BCBE4CCA1B0E5AAEC59D744120005420B2
:1002E0000043200050415553410050415553412097
:1002F0000052554E200020286D6D3A73732900502E
:10030000534E2D50524553455045004369636C6F21
:10031000206665726D6F004369636C6F20696E20A3
:1003200065736563757A696F6E65005465737420D3
:1003300075736369746520696E20636F72736F00F3
:10034000466173653A200020286D6D3A7373290069
:1003500056454C4F4349544100544553540041566F
:10036000414E544900524950524553410050415565
:10037000534100544553543D6176616E7469205376
:10038000544152543D65736369004772705F005475
:100390005554544F20494E5349454D450043415310
:1003A0004554544520575332383131004341534569
:1003B00054544520424C5500434153455454452024
:1003C0005645524449004341534554544520524FE9
:1003D000535345005354454C4C4520575332383104
:1003E00031005354454C4C4520424C550053544524
:1003F0004C4C45205645524449005354454C4C45BD
:1004000020524F53534500414C424120424C55002D
:10041000414C424120564552444500414C42412006
:10042000524F53534F005452414D4F4E544F204260
:100430004C55005452414D4F4E544F205645524456
:1004400045005452414D4F4E544F20524F53534F3D
:10045000004349454C4F20424C55004349454C4FC1
:10046000205645524445004349454C4F20524F5376
:10047000534F002F3334005465737420004D4F44A4
:10048000414C49544127205445535400496E697AE0
:1004900069616C697A7A617A696F6E650050534E52
:1004A0002D505245534550450000000000003E5B72
:1004B0004F5B3E3E6B4F6B3E1C3E7C3E1C183C7EB1
:1004C0003C181C577D571C1C5E7F5E1C00183C1896
:1004D00000FFE7C3E7FF0018241800FFE7DBE7FF92
:1004E00030483A060E2629792926407F050507401F
:1004F0007F05253F5A3CE73C5A7F3E1C1C08081CE0
:100500001C3E7F14227F22145F5F005F5F06097F1D
:10051000017F006689956A606060606094A2FFA2B6
:100520009408047E040810207E201008082A1C0865
:10053000081C2A08081E101010100C1E0C1E0C306F
:10054000383E3830060E3E0E060000000000000067
:100550005F00000007000700147F147F14242A7F27
:100560002A122313086462364956205000080703F4
:1005700000001C2241000041221C002A1C7F1C2A72
:1005800008083E08080080703000080808080800C5
:100590000060600020100804023E5149453E0042C0
:1005A0007F400072494949462141494D3318141290
:1005B0007F1027454545393C4A49493141211109B8
:1005C000073649494936464949291E0000140000AA
:1005D00000403400000008142241141414141400C4
:1005E0004122140802015909063E415D594E7C1210
:1005F00011127C7F494949363E414141227F4141A8
:10060000413E7F494949417F090909013E41415124
:10061000737F0808087F00417F41002040413F016F
:100620007F081422417F404040407F021C027F7FB0
:100630000408107F3E4141413E7F090909063E41C1
:1006400051215E7F09192946264949493203017F14
:1006500001033F4040403F1F2040201F3F403840A3
:100660003F631408146303047804036159494D433C
:10067000007F4141410204081020004141417F04B4
:10068000020102044040404040000307080020549B
:100690005478407F284444383844444428384444FB
:1006A000287F385454541800087E090218A4A49CCA
:1006B000787F0804047800447D40002040403D00DD
:1006C0007F1028440000417F40007C047804787C3F
:1006D000080404783844444438FC182424181824A6
:1006E0002418FC7C08040408485454542404043F8F
:1006F00044243C4040207C1C2040201C3C40304096
:100700003C44281028444C9090907C4464544C44C1
:100710000008364100000077000000413608000262
:10072000010204023C2623263C1EA1A161123A408C
:1007300040207A3854545559215555794122545402
:100740007842215554784020545579400C1E5272FD
:1007500012395555555939545454593955545458DA
:100760000000457C410002457D420001457C407D02
:100770001211127DF0282528F07C54554500205494
:10078000547C547C0A097F4932494949323A4444ED
:10079000443A324A4848303A4141217A3A4240206C
:1007A00078009DA0A07D3D4242423D3D4040403DFD
:1007B0003C24FF2424487E4943662B2FFC2F2BFF2B
:1007C0000929F620C0887E0903205454794100008D
:1007D000447D413048484A32384040227A007A0A03
:1007E0000A727D0D19317D2629292F2826292929CC
:1007F0002630484D402038080808080808080838FE
:100800002F10C8ACBA2F102834FA00007B00000863
:10081000142A142222142A14085500550055AA55EA
:10082000AA55AAFF55FF55FF000000FF0010101049
:10083000FF00141414FF001010FF00FF1010F01040
:10084000F0141414FC001414F700FF0000FF00FF64
:100850001414F404FC141417101F10101F101F148C
:1008600014141F00101010F0000000001F101010D2
:10087000101F10101010F010000000FF10101010CA
:100880001010101010FF10000000FF140000FF00F7
:10089000FF00001F10170000FC04F41414171017B9
:1008A0001414F404F40000FF00F7141414141414C6
:1008B00014F700F7141414171410101F101F141439
:1008C00014F4141010F010F000001F101F000000AE
:1008D0001F14000000FC140000F010F01010FF10B6
:1008E000FF141414FF141010101F00000000F0106B
:1008F000FFFFFFFFFFF0F0F0F0F0FFFFFF00000050
:100900000000FFFF0F0F0F0F0F3844443844FC4A1C
:100910004A4A347E02020606027E027E026355497E
:1009200041633844443C04407E201E2006027E027F
:100930000299A5E7A5991C2A492A1C4C7201724C00
:10094000304A4D4D303048784830BC625A463D3EC2
:10095000494949007E0101017E2A2A2A2A2A444463
:100960005F444440514A444040444A51400000FFE3
:100970000103E080FF000008086B6B083612362484
:1009800036060F090F0600001818000000101000AE
:100990003040FF0101001F01011E00191D17120048
:1009A0003C3C3C3C0000000000000103070F1F3FDF
:1009B0007F0080C0E0F0F8FCFEDB40A4A62EAF2054
:1009C00000A1C8D300408DAED580A8000060000013
:1009D000000000000000000000000000E000000037
:1009E0000000000000000000000001E00000000026
:1009F00000000000000000000001F0000000000006
:100A0000000000000000000003F0000000000000F3
:100A10000000000000000007F000000000000000DF
:100A200000000000000007F80000000000000000C7
:100A300000000000000FF800000003C0007E00006E
:100A400001E0007F0FF800000003C000FE0000017D
:100A5000E000FFEFF800000003C000FE000001E02E
:100A600000FFFFF800000003C000F00000000F00CE
:100A70007FFE7FC0000003C000F00000000F003FB9
:100A8000FE7FF83FF1FBCFFCFEF3BC3DEFE01FFE25
:100A90007FFF7FFBFFDFFEFEFFBC3DEFE01FC6FFD9
:100AA000FF7FFBFFDFFEFEFFBC3DEFE00FE3C7FE75
:100AB000787BC3DE1EF0FFBC3DEF0007FF87FC78AC
:100AC0007BC3DE1EF0F83C3DEF0001FFFFF0007B32
:100AD000C3C01EF0F03C3DEF0001F37FE03FFBC3DD
:100AE000CFFEF0F03C3DEF0003E33F807FFBC3DF30
:100AF000FEF0F03C3DEF0007E73C00787BC3DE1ED4
:100B0000F0F03C3DEF0007FFBE00787BC3DE1EF037
:100B1000F03C3DEF0007FFFE00787BC3DE1EF0F0E7
:100B20003C3DEF000FFFFE007FFBFFDFFEF0F03FDC
:100B3000FDEFE00FFFFF007FFBFFDFFEF0F03FFD6A
:100B4000EFE00FF9FF003E79F9CF9EF0F01F3DE78F
:100B5000E01FF1FF000000000000000000000000A6
:100B60001F80FF007FFFFFFFFFFFFFFFFFFFE01C75
:100B7000007F007FFFFFFFFEB46D888D18E000004E
:100B80001F007FFFFFFFFE95AD7DB577E000000FF2
:100B9000007FFFFFFFFEA5AD9D8D19E00000060060
:100BA0007FFFFFFFFEB5ADEDB57EE0000000000069
:100BB0000180000000000000000000038000000031
:100BC00000000000000007C000000000000000005E
:100BD0000007C00000000000000000000FC000007F
:100BE000000000000000001FE00000000000000006
:100BF00000001FE00000000000000000003FE000D7
:100C000000000000000000003FF0000000000000B5
:100C10000000007FF0000000000000001FF87FF0DF
:100C2000000000000000003FFE7FF0000000000018
:100C300000003FFF7FF0000000000000001FFFFBEE
:100C4000E0000000000000000FFFF9FFC0000000FE
:100C50000000000FFFF9FFF800000000000007FF90
:100C6000F1FFFF00000000000003FC73FFFF8000A5
:100C70000000000001FE3FFFFF80000000000000B8
:100C8000FF1E0FFF000000000000007FFE1FFC00A1
:100C90000000000000003FFFFFF80000000000001F
:100CA000000FDFFFE0000000000000001F19FFC080
:100CB000000000000000003F3CFF000000000000BA
:100CC00000007E7CF800000000000000007FFE7C39
:100CD0000000000000000000FFFFFC00000000001A
:100CE000000000FFFFFE0000000000000000FFFF0A
:100CF000FE0000000000000001FFEFFE0000000009
:100D000000000001FFCFFE0000000000000003FF14
:100D100007FE0000000000000003FC07FE000000CA
:100D20000000000003F003FE0000000000000001CE
:100D30008000FE000000000000000000007E0000B7
:100D400000000000000000003E0000000000000065
:100D50000000000C000000000000078000FC000004
:100D600003C0000000078001FC000003C000000079
:100D7000078001FC000003C0000000078001E000C4
:100D800000001E000000078001E00000001E007F40
:100D9000E3F79FF9FDE7787BDFC0FFF7FFBFFDFDBD
:100DA000FF787BDFC0FFF7FFBFFDFDFF787BDFC073
:100DB000F0F787BC3DE1FF787BDE00F0F787BC3DB4
:100DC000E1F0787BDE0000F787803DE1E0787BDEB4
:100DD000007FF7879FFDE1E0787BDE00FFF787BFAC
:100DE000FDE1E0787BDE00F0F787BC3DE1E0787B59
:100DF000DE00F0F787BC3DE1E0787BDE00F0F787AE
:100E0000BC3DE1E0787BDE00FFF7FFBFFDE1E07F66
:100E1000FBDFC0FFF7FFBFFDE1E07FFBDFC07CF33E
:100E2000F39F3DE1E03E7BCFC000000000000000EA
:100E300000000000FFFFFFFFFFFFFFFFFFFFC0FFFD
:100E4000FFFFFFFD68DB111A31C0FFFFFFFFFD2B25
:100E50005AFB6AEFC0FFFFFFFFFD4B5B3B1A33C03D
:100E6000FFFFFFFFFD6B5BDB6AFDC020286D6D3A65
:100E70007373290062792056616E6E6920303338B1
:100E80000050534E2D50726573657065210070726D
:100E9000696D612072696761200076616C6F7269AB
:100EA00020696E636F6572656E7469004572726F5A
:100EB0007269200055736F2076616C6F72692064CF
:100EC000656661756C7400206576656E74692000D6
:100ED00052696768652000534420415353454E547E
:100EE00045004D414E434120505245534550452EFB
:100EF000494E4900494E4920434F4E204552524FDA
:100F0000524900204F4B004D4943524F205344005B
:100F1000424F4F543A20636F6D706C657461746F0B
:100F20000050524F4E544F004341534554544500D6
:100F30005354454C4C45005452414D4F4E544F0074
:100F40004349454C4F00414C424100424F4F543AB7
:100F5000206175746F746573742076697369766F38
:100F600020757363697465202B206D656C6F6469EF
:100F7000612062757A7A6572206F707A696F6E612E
:100F80006C6500252061200020706978656C2C203C
:100F900061636365736520646120004361736574F8
:100FA00074653A200020706978656C2C2061747437
:100FB00069766520005374656C6C653A2000204F9B
:100FC000464600204F4E00202800252072656C65A3
:100FD00027200020002020004576656E746920726D
:100FE000656C65273A2000206D6F7262696461004C
:100FF000206C696E656172650025202D3E20002001
:1010000020002028707265646566696E69746529C0
:1010100000202864616C2066696C6529003A200014
:10102000546170706520006E6F2F636F6E74617411
:10103000746F20617373656E746500736900466137
:10104000736920253A200044757261746520287305
:10105000293A200053636865646120696E73657284
:101060006974612028443439293A2000617373651A
:101070006E7465206F206E6F6E206C6567676962A5
:10108000696C65202D3E2064656661756C74007323
:1010900063686564612070726573656E7465206D48
:1010A0006120505245534550452E494E49202F202E
:1010B000505245534550452E545854206D616E632F
:1010C000616E7465202D3E2064656661756C7400E8
:1010D000290020287072696D613A2000206C6574C7
:1010E000746F2C2072696768652069676E6F726122
:1010F00074653A2000206C6574746F2073656E7A95
:1011000061206572726F7269006D6963726F53441A
:101110003A2000417676696F2072617069646F20B1
:101120002866617374626F6F74293A206E6F004194
:101130007676696F2072617069646F2028666173CA
:1011400074626F6F74293A20736900506F73697A03
:10115000696F6E6520706F74656E7A696F6D657406
:10116000726F2041303A2000207365636F6E6469AE
:1011700000447572617461206369636C6F20696DEE
:10118000706F737461746120616C6C27617676692D
:101190006F3A20004F4C45443A206E6F6E207072BB
:1011A0006573656E74652C20636F6E74696E756F00
:1011B0002073656E7A6120646973706C6179004F89
:1011C0004C45443A204F4B004435302D44353320B4
:1011D0003D206D6963726F5344205350492028436A
:1011E0005320443533292C20443439203D20736367
:1011F0006865646120696E7365726974610041306D
:1012000020203D20445552415441204349434C4FF6
:1012100020283320736361676C696F6E6920646195
:10122000205B4349434C4F5D29004432302F443208
:1012300031203D204F4C4544204932432030783303
:101240004320286F707A696F6E616C6529004432A3
:1012500034203D205445535400443233203D204136
:1012600056414E544900443232203D20535441529D
:10127000542F53544F50004434342F4434352F44AA
:101280003436203D20524742204445535452412099
:101290002F20414C42410044372F4431312F4431FB
:1012A00032203D205247422053494E495354524127
:1012B000202F205452414D4F4E544F004436202091
:1012C0003D2042555A5A4552207061737369766FBA
:1012D000206F707A696F6E616C65004438203D2024
:1012E0004441544120575332383131204341534512
:1012F00054544500443520203D204441544120575A
:10130000533238313120283530207374656C6C6568
:101310002900443420203D2052474220426C750071
:10132000443320203D2052474220566572646500B8
:10133000443220203D2052474220526F73736F0089
:101340003D3D3D3D3D3D3D3D3D3D3D3D3D3D3D3DCD
:101350003D3D3D3D3D3D3D3D3D3D3D3D3D3D3D3DBD
:101360003D3D3D3D3D3D3D3D0020505245534550A6
:101370004520434F4E54524F4C4C4552202D205245
:10138000657620442028706172616D6574726920F1
:101390006461206D6963726F534429003D3D3D3D9A
:1013A0003D3D3D3D3D3D3D3D3D3D3D3D3D3D3D3D6D
:1013B0003D3D3D3D3D3D3D3D3D3D3D3D3D3D3D3D5D
:1013C0003D3D3D3D0052495052455341005041552D
:1013D000534100555343495441204D4F44414C49DA
:1013E0005441272054455354004156414E544920FE
:1013F0002D3E2000544553542031382F3334202DB6
:1014000020545554544F20494E5349454D4500549E
:101410004553542031372F3334202D205455545404
:1014200045204C45204341534554544500544553B1
:10143000542031362F3334202D204341534554540A
:101440004520424C5500544553542031352F3334F8
:10145000202D20434153455454452056455244497C
:1014600000544553542031342F3334202D20434130
:10147000534554544520524F5353450054455354FB
:101480002031332F3334202D205455545445204CD3
:1014900045203530205354454C4C45005445535459
:1014A0002031322F3334202D205354454C4C4520CD
:1014B000424C5500544553542031312F3334202DA4
:1014C000205354454C4C4520564552444900544500
:1014D00053542031302F3334202D205354454C4C5D
:1014E0004520524F535345005445535420392F3310
:1014F00034202D20414C424120424C55005445534C
:101500005420382F3334202D20414C424120564561
:10151000524445005445535420372F3334202D2056
:10152000414C424120524F53534F00544553542095
:10153000362F3334202D205452414D4F4E544F20DE
:10154000424C55005445535420352F3334202D2020
:101550005452414D4F4E544F20564552444500542D
:1015600045535420342F3334202D205452414D4FB5
:101570004E544F20524F53534F0054455354203331
:101580002F3334202D204349454C4F20424C5500E9
:101590005445535420322F3334202D204349454C99
:1015A0004F205645524445005445535420312F3363
:1015B00034202D204349454C4F20524F53534F0068
:1015C000202D20005F30002F3334202D20477270F3
:1015D0005F300054455354200054455354203D205F
:1015E00074657374207375636365737369766F2CA8
:1015F000205354415254203D2065736369003D3DA2
:101600003D204D4F44414C495441272054455354AB
:10161000203D3D3D0050415553410052554E002064
:101620007C2000207C2041303A2000206D696E0033
:10163000207C206369636C6F3A20002500207C20A9
:1016400000466173653A2000000021002400270055
:101650002A002D00300033000101000004010701C1
:101660000A01000020002300260029002C002F0082
:1016700032000001000003010601090100000A0B0D
:1016800002090C0D0E080703040100000000000011
:10169000000000000000000000000000000000004A
:1016A0000000000000000000121110000000000007
:1016B000000000000000000000000000000000002A
:1016C00000007C3C3E5E2B3D3F2F5B5D3B2C2A2285
:1016D0005C002200FF2102010210202008081020D7
:1016E00040102040800201020108040201010204AE
:1016F000081020408080402010080402018004026D
:1017000001804020100804020108040201010204C3
:1017100008102040800102040810204080000022B0
:1017200000250028002B002E0031003400020100AB
:1017300000050108010B0105050505070508080856
:1017400008020202020A0A08080404040401010152
:10175000010101010103030303030303030407075A
:10176000070C0C0C0C0C0C0C0C02020202060606F8
:1017700006060606060B0B0B0B0B0B0B0B00BF50E4
:10178000E56311241FBECFEFD1E2DEBFCDBF00E085
:101790000CBF15E0A0E0B2E0E0EDF7ED00E00BBF1C
:1017A00002C007900D92A037B107D9F720E1A0E75A
:1017B000B5E001C01D92A136B207E1F71BE0C0EC15
:1017C000DBE000E006C021970109802FFE010E94A6
:1017D000446ACF3BD10780E00807A9F70E9469510E
:1017E0000C94D66B0C9400002091F30E3091F40E03
:1017F0002F5F3F4F3093F40E2093F30E2091F50EA0
:101800003091F60E232B21F49093F60E8093F50E73
:1018100008954F925F926F927F928F929F92AF92B4
:10182000BF92CF92DF92EF92FF920F931F93CF93CD
:10183000DF93CDB7DEB7AC970FB6F894DEBF0FBE1F
:10184000CDBF4A015B011D8A1E8A1F8A188E4090F7
:10185000B40A5090B50A6090B60A7090B70A498EE3
:101860005A8E6B8E7C8E0091B80A1091B90A209125
:10187000BA0A3091BB0A0D8F1E8F2F8F38A3C090EC
:10188000BC0AD090BD0AE090BE0AF090BF0AC9A27F
:10189000DAA2EBA2FCA24091C00A5091C10A609169
:1018A000C20A7091C30A49A75AA76BA77CA74DA388
:1018B0005EA36FA378A740E050E068EC72E4498B28
:1018C0005A8B6B8B7C8B49825A826B827C820D8314
:1018D0001E832F833887C986DA86EB86FC8629A586
:1018E0003AA54BA55CA52D873E874F87588B853041
:1018F00008F084E034E0839FF001112441E050E0DF
:101900004C0F5D1FE40FF51FC488D588E688F78863
:10191000A701960160817181828193810E94FD6897
:10192000A50194010E94C96720E030E048EC52E430
:101930000E946A69A70196010E94FE68AC960FB6E4
:10194000F894DEBF0FBECDBFDF91CF911F910F91F5
:10195000FF90EF90DF90CF90BF90AF909F908F90CF
:101960007F906F905F904F9008952F923F924F928B
:101970005F926F927F928F929F92AF92BF92CF921F
:10198000DF92EF92FF920F931F93CF93DF93E82F95
:10199000F0E0EE53F14FC081C11118C0D0E0212C0E
:1019A00080E06D2F722DDF91CF911F910F91FF90ED
:1019B000EF90DF90CF90BF90AF909F908F907F90EF
:1019C0006F905F904F903F902F90089524EB829FEF
:1019D000800111240A55134FC13029F4F801D68132
:1019E00027808085DECF4A015B01780122242A947A
:1019F000D0E0F701428153816481758180810E942A
:101A0000090CA50194010E94636718160CF02D2E95
:101A100081E08D0FF9E0EF0EF11CC81324C027FE02
:101A200024C02D2EF80189E0D802E00DF11D11240B
:101A3000428153816481758180810E94090C20E07C
:101A400030E048EC52E40E94FD682B013C01F801B3
:101A5000428153816481758180810E94090C6B01F0
:101A60007C01C0E02CC0D82FC4CFD9E0F801222DD2
:101A70002D02E00DF11D1124428153816481758195
:101A800080810E94090C2B013C01822D022C000C4C
:101A9000990B0196C817190609F00CF4E4C0C1E0CF
:101AA000C20DF801CD9FE00DF11D1124428153813B
:101AB0006481758180810E94090C6B017C01A70102
:101AC0009601C301B2010E94636787FFDFC0A301D3
:101AD0009201C501B4010E94FD684B015C01A301A4
:101AE0009201C701B6010E94FD689B01AC01C501CE
:101AF000B4010E946A696B017C0120E030E0A90119
:101B00000E94636787FDBEC020E030E040E85FE3ED
:101B1000C701B6010E94126A18160CF4B7C0C801BA
:101B2000E9E0CE9F800D911D1124EC018981811186
:101B30001EC0A7019601C701B6010E94C9672B010B
:101B40003C01A7019601C701B6010E94FE689B01F6
:101B5000AC0160E070E080E490E40E94FD689B01CD
:101B6000AC01C301B2010E94C9676B017C013884DA
:101B7000F22D29E0F202000D111D1124F801B084AC
:101B800020E030E0A901C701B6010E94636787FD2C
:101B900084C020E030E040E85FE3C701B6010E9466
:101BA000126A181634F4C12CD12C80E8E82E8FE389
:101BB000F82E6B2D70E090E080E00E946A674B0188
:101BC0005C01F801678170E090E080E00E946A6744
:101BD0002B013C016F8170E090E080E00E9468671B
:101BE000A30192010E94FD68A70196010E94C967A6
:101BF000A30192010E94FE680E94E369262EF8016B
:101C0000668170E090E080E00E946A672B013C01F1
:101C10006E8170E090E080E00E946867A30192010D
:101C20000E94FD68A70196010E94C967A301920165
:101C30000E94FE680E94E369D62F632D70E090E059
:101C400080E00E946867A50194010E94FD68A701D9
:101C500096010E94C967A50194010E94FE680E9436
:101C6000E369862F9ECEF80142815381648175819C
:101C700080810E94090C20E030E048EC52E40E9490
:101C8000FE68EDCEC12CD12C760149CFC12CD12CD0
:101C900090E8E92E9FE3F92E42CFC12CD12C76019A
:101CA00088CF08958150823108F05AC0E82FF0E0C3
:101CB0008827E25AF14F8F4F0C94446A7E0E820EB1
:101CC000700E760E7A0EB00E850E8B0E8F0E950E60
:101CD000990E9D0EA30EA70EB00EAB0EB10EB50E53
:101CE000809180008F77809380000895809180009C
:101CF0008F7DF9CF80918000877FF5CF84B58F7776
:101D000084BD089584B58F7DFBCF8091B0008F771F
:101D10008093B00008958091B0008F7DF9CF8091BD
:101D200090008F77809390000895809190008F7D30
:101D3000F9CF80919000877FF5CF8091A0008F77B9
:101D40008093A00008958091A0008F7DF9CF8091AD
:101D5000A000877FF5CF809120018F7780932001AD
:101D60000895809120018F7DF9CF80912001877F98
:101D7000F5CFCF93DF93282F30E0F901E458F94EE7
:101D80008491F901E952F94ED491F901E95CF84ED8
:101D9000C491CC23A1F081110E94520EEC2FF0E0EF
:101DA000EE0FFF1FEE59F94EA591B491EC91ED2382
:101DB00081E090E009F480E0DF91CF91089580E028
:101DC00090E0FACF1F93CF93DF93282F30E0F901F3
:101DD000E458F94E8491F901E952F94ED491F90190
:101DE000E95CF84EC491CC23A9F0162F81110E9412
:101DF000520EEC2FF0E0EE0FFF1FE35EF84EA591C0
:101E0000B4918FB7F894EC91111108C0D095DE23EE
:101E1000DC938FBFDF91CF911F910895DE2BF8CF18
:101E2000CF93DF9390E0FC01E952F94E2491895C55
:101E3000984EFC0184918823C9F090E0880F991F87
:101E4000FC01E85BF94EA591B491FC01E35EF84E0C
:101E5000C591D49161110DC09FB7F8948C912095D4
:101E600082238C938881282328839FBFDF91CF9181
:101E70000895623051F49FB7F8943C91822F809579
:101E800083238C93E8812E2BEFCF8FB7F894EC91BE
:101E90002E2B2C938FBFEACF8F929F92AF92BF923F
:101EA000CF92DF92EF92FF92CF936C0180911A0252
:101EB000863069F08F3F09F477C0CF91FF90EF90A3
:101EC000DF90CF90BF90AF909F908F900895E6EDF8
:101ED000F6E1C491C7FDF1CF61E086E00E94100FEA
:101EE000CC2319F0C23009F0C8C1F12CE12C60E01C
:101EF00072E18AE790E0A70196010E94BC6849015F
:101F00005A01BA01A90141505109610971094F3FB4
:101F100051056105710509F00CF494C160E472E4A7
:101F20008FE090E0A70196010E94BC68BA01A90168
:101F30004150510961097109C23009F009C182E0BB
:101F40004F3F51056105710509F00CF446C160E988
:101F500070ED83E090E0A70196010E94BC68BA0191
:101F6000A901415051096109710983E04F3F5105B1
:101F70006105710509F00CF430C168E478EE81E088
:101F800090E0A70196010E94BC68BA01A9014150E6
:101F90005109610971094F3F51056105710511F042
:101FA0000CF02CC184E019C186E080931A02E6EDA2
:101FB000F6E1C4918C2FCF3F09F47FCFC23009F4F2
:101FC00068C060F4CC2379F1C13009F444C087FDC6
:101FD00074CF61E086E00E94100F84CFC43009F412
:101FE00099C008F478C0C53091F710922001109282
:101FF000210180912101886080932101809121013C
:10200000816080932101EDE3F7E1E491F0E0EE0FD0
:10201000FF1FE35EF84E85919491EDEDF6E1E491BA
:10202000E093820A59CF14BC15BC84B5826084BD8C
:1020300085B5816085BDEDE3F7E1E491F0E0EE0F59
:10204000FF1FE35EF84E85919491EDEDF6E1E4918A
:10205000E093890A41CF1092800010928100809114
:1020600081008860809381008091810081608093ED
:102070008100EDE3F7E1E491F0E0EE0FFF1FE35E96
:10208000F84E85919491EDEDF6E1E491E093880AA4
:1020900023CF1092B0001092B1008091B000826006
:1020A0008093B0008091B10081608093B100EDE336
:1020B000F7E1E491F0E0EE0FFF1FE35EF84E85914B
:1020C00094919093870A8093860AEDEDF6E1E4916E
:1020D000E093850A01CF10929000109291008091B8
:1020E000910088608093910080919100816080933D
:1020F0009100EDE3F7E1E491F0E0EE0FFF1FE35E06
:10210000F84E85919491EDEDF6E1E491E093840A27
:10211000C3E0E2CE1092A0001092A1008091A10035
:1021200088608093A1008091A10081608093A100CC
:10213000EDE3F7E1E491F0E0EE0FFF1FE35EF84E10
:1021400085919491EDEDF6E1E491E093830AC4CE9C
:102150004F3F51056105710509F00CF48CC068E42E
:1021600078EE81E090E0A70196010E94BC68BA0178
:10217000A9014150510961097109CC2309F449C1F0
:102180004F3F51056105710509F00CF40BCF62E179
:102190007AE780E090E0A70196010E94BC68BA014E
:1021A000A9014150510961097109CC2309F41AC1EF
:1021B00086E04F3F51056105710579F070F0B5017A
:1021C000A4019AE075956795579547959A95D1F72B
:1021D000415051096109710987E09091B100987FE0
:1021E000892B8093B100C23009F4E9C00CF0E0C043
:1021F000CC2379F1C13009F060CE6DC064E274EF98
:1022000080E090E0A70196010E94BC68BA01A90194
:10221000415051096109710985E04F3F5105610540
:102220007105D9F2D0F262E17AE780E090E0A7018F
:1022300096010E94BC68BA01A90141505109610987
:102240007109B6CF81E0C111C8CF95B5987F892BB0
:1022500085BD47BD8FEF9FEFDC0180939E0A909371
:102260009F0AA093A00AB093A10A80916E00826099
:1022700080936E0022CE82E0E6CFF12CE12C60E06C
:1022800072E18AE790E0A70196010E94BC68BA015A
:10229000A901415051096109710991E041155105A8
:1022A00081E0680771057CF068E478EE81E090E0F9
:1022B000A70196010E94BC68BA01A90141505109C9
:1022C0006109710993E0C130D9F480918100887F60
:1022D000892B8093810050938900409388008FEF71
:1022E0009FEFDC0180939A0A90939B0AA0939C0A2B
:1022F000B0939D0A80916F00826080936F00DDCD66
:10230000C330D9F480919100887F892B809391000C
:1023100050939900409398008FEF9FEFDC018093DA
:10232000920A9093930AA093940AB093950A80918D
:102330007100826080937100C0CDC430D9F4809167
:10234000A100887F892B8093A1005093A90040931E
:10235000A8008FEF9FEFDC0180938E0A90938F0A85
:10236000A093900AB093910A80917200826080934A
:102370007200A3CDC53009F036CF80912101887F4E
:10238000892B8093210150932901409328018FEFDD
:102390009FEFDC0180938A0A90938B0AA0938C0AAA
:1023A000B0938D0A8091730082608093730085CD15
:1023B000C43059F20CF4ACCFC53029F37ECD409334
:1023C000B3008FEF9FEFDC018093960A9093970AFA
:1023D000A093980AB093990A8091700082608093CC
:1023E00070006BCD84E04F3F51056105710509F028
:1023F00008F42BCFB501A4018AE075956795579530
:1024000047958A95D1F7415051096109710985E0D5
:102410001CCF83E04F3F51056105710509F00CF4B5
:1024200014CFB5CE865320917B00982F987F277FBD
:10243000922B90937B008770806480937C008091C6
:102440007A00806480937A0080917A0086FDFCCFC8
:10245000809178009091790008953FB7F894809129
:10246000770890917808A0917908B0917A0826B5FC
:10247000A89B05C02F3F19F00196A11DB11D3FBFBC
:10248000BA2FA92F982F8827BC01CD01620F711D8B
:10249000811D911D42E0660F771F881F991F4A9585
:1024A000D1F708958F929F92AF92BF92CF92DF9211
:1024B000EF92FF926B017C010E942D124B015C0197
:1024C000C114D104E104F104B9F00E942D1268197D
:1024D00079098A099B09683E73408105910580F35B
:1024E00021E0C21AD108E108F10888EE880E83E0E5
:1024F000981EA11CB11CE4CFFF90EF90DF90CF900D
:10250000BF90AF909F908F9008952FB7F8946091EF
:1025100073087091740880917508909176082FBFA8
:1025200008950895089590911A0289130DC0E6ED5B
:10253000F6E1E4919FEF90931A02E230E1F038F473
:10254000EE2381F0E13089F060E00C94E20EE4309B
:1025500049F110F1E530C1F7909173009D7F9093A0
:102560007300F2CF10926E00EFCF90916F009D7FBD
:1025700090936F00E9CF909170009D7F90937000D1
:1025800091E09093B0009091B100987F9460909307
:10259000B1001092B300D8CF909171009D7F9093BD
:1025A0007100D2CF909172009D7F90937200CCCF3A
:1025B000DC01ED91FC910190F081E02D1994EF92F6
:1025C000FF920F931F93CF93DF938C017B01D0E099
:1025D000C0E0F701EC0FFD1F6491662361F0D801A4
:1025E000ED91FC910190F081E02DC8011995892BA6
:1025F00011F02196EECFCE01DF91CF911F910F9177
:10260000FF90EF900895AF92BF92CF92DF92EF923A
:10261000FF920F931F93CF93DF936C017B018B018C
:10262000040F151FEB015E01AE18BF08C017D107DC
:1026300059F06991D601ED91FC910190F081E02D66
:10264000C6011995892B79F7C501DF91CF911F91AB
:102650000F91FF90EF90DF90CF90BF90AF900895D3
:10266000FC01538D448D252F30E0842F90E0821B98
:10267000930B541710F0CF96089501970895FC011D
:10268000918D828D981761F0A28DAE0FBF2FB11D75
:102690005D968C91928D9F5F9F73928F90E00895CD
:1026A0008FEF9FEF0895FC01918D828D981731F087
:1026B000828DE80FF11D858D90E008958FEF9FEFDB
:1026C0000895FC01918D228D892F90E0805C9F4FB1
:1026D000821B91098F73992708958BEF9EE00E94CA
:1026E000611321E0892B09F420E0822F0895FC0179
:1026F000A48DA80FB92FB11DA35ABF4F2C91848D63
:1027000090E001968F739927848FA689B7892C93BF
:10271000A089B1898C91837080648C93938D848D12
:10272000981306C00288F389E02D80818F7D808315
:102730000895EF92FF920F931F93CF93DF93EC01D5
:1027400081E0888F9B8D8C8D98131AC0E889F98958
:10275000808185FF15C09FB7F894EE89FF8960835B
:10276000E889F98980818370806480839FBF81E0DC
:1027700090E0DF91CF911F910F91FF90EF9008951E
:10278000F62E0B8D10E00F5F1F4F0F731127E02EF9
:102790008C8D8E110CC00FB607FCFACFE889F98931
:1027A000808185FFF5CFCE010E947713F1CFEB8DAD
:1027B000EC0FFD2FF11DE35AFF4FF0829FB7F89405
:1027C0000B8FEA89FB8980818062CFCFCF93DF9323
:1027D000EC01888D8823B9F0AA89BB89E889F98939
:1027E0008C9185FD03C0808186FD0DC00FB607FC6E
:1027F000F7CF8C9185FFF2CF808185FFEDCFCE01A1
:102800000E947713E9CFDF91CF91089580E090E0A7
:10281000892B29F00E946D1381110E94000080E035
:1028200090E0892B49F080E090E0892B29F00E940C
:10283000000081110E94000080E090E0892B49F0A7
:1028400080E090E0892B29F00E94000081110E9415
:10285000000080E090E0892B49F080E090E0892B37
:1028600029F00E94000081110C9400000895FC01E1
:10287000DB0112968D919C9113979383828382EF53
:1028800092E09183808314968C911497848315969B
:102890008C911597858316964D915D916D917C91E4
:1028A000199746835783608771871A964D915D917A
:1028B0006D917C911D9742875387648775871E961B
:1028C0004D915D916D917C91519746875787608BB3
:1028D000718B52968C915297828B53964D915D914C
:1028E0006D917C915697438B548B658B768B579665
:1028F0004D915D916D917C915A97478B508F618F6F
:10290000728F5B968D919C91948F838F0895DC01DB
:102910005996ED91FC913097B9F083899489A589F6
:10292000B6894285538564857585841B950BA60BF6
:10293000B70B811520E89207A105B10538F08FEF9C
:102940009FE7A0E0B0E0089590E080E00895DC010A
:1029500059968D919C91009739F0DC01ED91FC9195
:102960000480F581E02D199490E080E00895CF93E4
:10297000DF931F92CDB7DEB76983DC01ED91FC9147
:102980000280F381E02D41E050E0BE016F5F7F4F98
:1029900019950F90DF91CF910895EF92FF920F93C9
:1029A0001F93CF93DF93EC01EC80FD806E157F05C4
:1029B0000CF070C057FF04C0240F351F50E040E0FA
:1029C0008E819F81FA01E20FF31F8E179F071CF47F
:1029D0009C01241B350B121613060CF05BC0922FC2
:1029E000842F8695869586958E9DD0018F9DB00DFE
:1029F00011246A0F7B1FAF8DB8A1A60FB71F4770B8
:102A000049F188E0841B482F682F70E0FB01EF54E8
:102A1000F64FE491281708F063C0621B71092FEF8D
:102A200030E002C0359527956A95E2F7E223013040
:102A3000110539F0B0F10230110561F58C91E827EC
:102A400002C08C91E82BEC93941720F12C813D81EE
:102A5000A20FB31FE92FE41BE83078F00230110514
:102A600021F58E2F9C9190959C932C813D81A20FF6
:102A7000B31F88508830B0F7E770EE2359F0F0E0CC
:102A8000E755F64FE49101301105F9F010F10230ED
:102A9000110519F1DF91CF911F910F91FF90EF90E8
:102AA0000895E0958C91E823CECF81E001151105C2
:102AB00009F480E081959E2F8C932C813D81A20F9B
:102AC000B31F98509830C0F7D7CF8C91E82BEC9378
:102AD000E1CFE0958C91E823FACF8C91E827F7CFEE
:102AE0000130110509F4ADCFE0F20230110509F40F
:102AF000A5CFAE0DBF1DAECF0F931F93CF93DF9326
:102B000077FF04C0260F371F70E060E0DC011496E9
:102B1000CD91DC91FB01E20FF31FCE17DF071CF410
:102B20009E01261B370B121613064CF5FA0157FDB2
:102B30003796A3E0F595E795AA95E1F7EC9FD001CC
:102B4000ED9FB00DFC9FB00D11246A0F7B1FDC01BF
:102B50005F96ED91FC91E60FF71F4770552781E0D6
:102B600090E001C0880F4A95EAF7482F013011051F
:102B700059F0A8F02E0F3F1F02301105E1F0DF9150
:102B8000CF911F910F9108952E0F3F1FE217F3076A
:102B9000B1F38191DF011197842B8C93F7CF80954E
:102BA0002E0F3F1FE217F30751F39191DF011197A9
:102BB00098239C93F7CFE217F30709F38191DF0184
:102BC000119784278C93F7CF0F931F93FA01DC01A1
:102BD00056964C9156974230E9F04330A1F141307E
:102BE00061F514964D915C91DA01AE1BBF0BFD01AE
:102BF000E21BF30B77FD0BC0DC0116964D915C9147
:102C00006417750724F4AB01BF010E947C151F9166
:102C10000F91089514964D915C91DA01A61BB70BA4
:102C2000BD0161507109DC0116964D915C91DA018C
:102C3000AE1BBF0BFD01E21BF30B77FDE8CFAF012D
:102C40000E94CD14E4CF16964D915C91DA01A61B3B
:102C5000B70BBD0161507109CDCF0F931F93FA01DE
:102C6000DC0156964C9156974230A9F0433091F1D1
:102C7000413019F514964D915C91DA01AE1BBF0BF2
:102C8000FD013197F7FD04C0AB01BF010E94CD14D7
:102C90001F910F91089514964D915C91DA01A61B36
:102CA000B70BBD01DC0116964D915C91DA01AE1BAC
:102CB000BF0BFD013197621B730BF7FDE9CFDC0100
:102CC00016964D915C91E417F50714F7AF010E9439
:102CD0007C15DECF16964D915C91DA01A61BB70BE1
:102CE000BD01621B730BCECFFC0177FD64C08085F4
:102CF0009185681779070CF05EC057FD5CC082852E
:102D00009385481759070CF056C086898230B1F078
:102D1000833029F1813041F484819581841B950BA6
:102D2000AB01BC01615071092130310509F108F492
:102D300043C02230310509F463C008958481958130
:102D4000DC01A61BB70BBD0161507109868197811B
:102D5000DC01A41BB50BAD0141505109E5CF8681C3
:102D60009781861B970BBA01AC0141505109DCCF0A
:102D7000CA0157FD0796A3E095958795AA95E1F7B7
:102D8000A481B5818A9F90018B9F300D9A9F300D51
:102D90001124620F731F078CF0A1E02DE60FF71FBF
:102DA0004770552721E030E001C0220F4A95EAF72D
:102DB0008081822B80830895CA0157FD079633E0F6
:102DC000959587953A95E1F7A481B5818A9F900101
:102DD0008B9F300D9A9F300D1124620F731F078C4B
:102DE000F0A1E02DE60FF71F4770552781E090E036
:102DF00001C0880F4A95EAF7809590818923DACF40
:102E0000CA0157FD079623E0959587952A95E1F726
:102E1000A481B5818A9F90018B9F300D9A9F300DC0
:102E20001124620F731F078CF0A1E02DE60FF71F2E
:102E30004770552721E030E001C0220F4A95EAF79C
:102E400080818227B7CFCF93CFB7F894809168075E
:102E5000811127C0ECE6F7E18491ECE0F7E1949171
:102E6000E82FF0E0EE0FFF1FE85BF94EA591B4915B
:102E7000EC91E92321F461E085E30E94E20E61E038
:102E800085E30E94100F8CB580618CBD8CB5806489
:102E90008CBD61E084E30E94100F61E083E30E9437
:102EA000100F809168078F5F80936807CFBFCF9125
:102EB0000895089561E0FC0184810E94E20E8091F2
:102EC000690781111092690708958EBD00000DB445
:102ED00007FEFDCF8EB508958FEF0C9465170F9305
:102EE0001F93CF93DF93EC010E9485128B010E9408
:102EF0006C178F3F69F00E948512601B710B6C1775
:102F00007D07A8F380E0DF91CF911F910F91089585
:102F100081E0F9CF8CBD9DBD0895CF93DF93EC0187
:102F200080916907811109C081E0809369078091D0
:102F3000980F9091990F0E948A1760E08C81DF9121
:102F4000CF910C94E20E8F929F92AF92BF92FF921C
:102F50000F931F93CF93DF93EC01F62E49015A0193
:102F60008E81882389F08F8198859C012F5F3F4F48
:102F700038872F838230924018F40E946C17F3CF69
:102F8000CE010E945A171E82CE010E948D178CE23C
:102F900091E00E946F178F2D80640E94651708E1F1
:102FA00010E0D501C401002E04C0B695A7959795F1
:102FB00087950A94D2F70E94651708501109083FB7
:102FC0008FEF180771F785E9FF2021F028E087E8E7
:102FD000F2128FEF0E94651710E00E946C178A872B
:102FE00087FF04C01F3F11F01F5FF7CFDF91CF9124
:102FF0001F910F91FF90BF90AF909F908F90089579
:10300000AF92BF92CF92DF92EF92FF920F931F93F6
:10301000CF93DF93EC016901C801820F931F8130C8
:10302000924050F58E81882379F088819981AA8118
:10303000BB8184179507A607B70731F48F81988560
:10304000C816D90608F042C0488359836A837B8337
:103050008B85833039F089E0440F551F661F771F39
:103060008A95D1F79A01AB0161E1CE010E94A317C5
:10307000882389F083E08D83CE010E945A1780E077
:10308000DF91CF911F910F91FF90EF90DF90CF9044
:10309000BF90AF9008950E9485125B010E946C174B
:1030A0008A878F3F69F40E9485126A197B096D3205
:1030B0007140A0F38FE08D83CE010E945A17DCCFC0
:1030C0008E3F89F418861F8281E08E838F819885D8
:1030D0008C159D0550F40E946C178F819885019680
:1030E00098878F83F3CF8DE0E6CF6701E00EF11E66
:1030F0000E946C17F60181936F01EE15FF05C1F771
:103100008F819885080F191F18870F838985882359
:1031100019F001151240A0F08E81882389F08F816B
:1031200098859C012F5F3F4F38872F8382309240D4
:1031300018F40E946C17F3CFCE010E945A171E821A
:1031400081E09ECFCF92DF92EF92FF920F93CF93C9
:10315000DF93EC01690182E14115510561057105BB
:1031600099F08B85833039F089E0440F551F661F35
:10317000771F8A95D1F79A01AB0168E1CE010E94D1
:10318000A317882319F084E08D832DC08EEF0E9451
:10319000651776018EEFD81AF70181917F010E94A1
:1031A0006517EC14FD04C1F78FEF0E9465178FEFD0
:1031B0000E9465170E946C178A878F71853071F4A1
:1031C000011116C0CE010E945A1781E0DF91CF9104
:1031D0000F91FF90EF90DF90CF90089581E18D8364
:1031E000CE010E945A17CE010E945A1780E0EECFFE
:1031F00088E592E00E946F17811102C085E1C4CF7B
:1032000020E030E0A9016DE0CE010E94A3178823E1
:1032100011F084E1B9CF0E946C178111FACFD2CF9F
:103220000F9340916A0750916B0760916C07709102
:103230006D07411551056105710599F0082F2EE7BD
:1032400038E080917B0890917C080E94A218882326
:1032500049F010926A0710926B0710926C07109257
:103260006D0781E00F9108950F93CF93C82F809140
:103270007D08811105C0C1E08C2FCF910F91089579
:103280004091160250911702609118027091190234
:103290000C2F2EE738E080917B0890917C080E94EB
:1032A000A218811102C0C0E0E7CFCC2321F381E056
:1032B0000E9410198823B9F310927D08DDCF8F92F8
:1032C0009F92AF92BF92EF92FF920F931F93CF9373
:1032D0004B015C01C42F8091160290911702A091BE
:1032E0001802B091190288159905AA05BB0551F17C
:1032F00081E00E94341981110BC080E0CF911F91B1
:103300000F91FF90EF90BF90AF909F908F90089596
:103310008EE7E82E88E0F82E00E012E030E020E0B2
:10332000B501A40180917B0890917C080E9400184F
:10333000882319F38092160290921702A092180225
:10334000B092190240917D084C2B40937D0881E09A
:10335000D5CF8F929F92AF92BF92CF92DF92EF9292
:10336000FF92CF932AE93FE030937C0820937B08BB
:10337000882309F46DC040E060E070E0CB010E945A
:103380005F1981110BC080E0CF91FF90EF90DF902B
:10339000CF90BF90AF909F908F90089580913C0AFE
:1033A0008F7789F78091480A9091490AA0914A0A3B
:1033B000B0914B0A84369105A105B10520F3C09068
:1033C000440AD090450AE090460AF090470AC1149A
:1033D000D104E104F104B9F240E0C701B6010E9452
:1033E0005F19882381F28091890890918A0881155C
:1033F000924049F6A0918E08AA2329F260918C0888
:1034000070918D086115710509F4BDCF20918B086D
:10341000222309F4B8CFA093B80F2093AA0F90E00D
:1034200080E030E0E1E0F0E0C82FAF01082E02C0FC
:10343000440F551F0A94E2F72417350769F041E05D
:10344000480F01968930910579F74093B30F9BCFD0
:10345000C12CD12C7601C0CF8093B30F209194085A
:103460003091950850E040E02115310541F420915C
:10347000A2083091A3084091A4085091A508209378
:10348000AB0F3093AC0F4093AD0F5093AE0F46018E
:103490005701860E971EA11CB11C8092B90F909205
:1034A000BA0FA092BB0FB092BC0FE0918F08F091C1
:1034B0009008F093BF0FE093BE0FB0E00E94DB686E
:1034C000DC01CB01880D991DAA1DBB1D8093C00F87
:1034D0009093C10FA093C20FB093C30F25E0EE0FDE
:1034E000FF1F2A95E1F7E150FE4FEF2FFF27E695EA
:1034F0008E0F9F1FA11DB11D8093B40F9093B50F28
:10350000A093B60FB093B70F809091089090920857
:10351000B12CA12C8114910441F480909E089090CC
:103520009F08A090A008B090A108C81AD90AEA0A7A
:10353000FB0AC80CD91CEA1CFB1C04C0F694E794D7
:10354000D794C794CA95D2F7C092AF0FD092B00F5C
:10355000E092B10FF092B20F85EFC8168FE0D80657
:10356000E104F10428F48CE08093BD0F81E00CCFDE
:1035700080E125EFC2162FEFD206E104F104A0F39B
:103580008091AA089091AB08A091AC08B091AD08C9
:103590008093C00F9093C10FA093C20FB093C30F3D
:1035A00080E2E2CF4F925F926F927F928F929F92D2
:1035B000AF92BF92CF92DF92EF92FF920F931F9341
:1035C000CF93DF93EC01423051056105710590F412
:1035D00080E0DF91CF911F910F91FF90EF90DF90EE
:1035E000CF90BF90AF909F908F907F906F905F90A3
:1035F0004F90089589859A85AB85BC850196A11D5C
:10360000B11D84179507A607B70710F3CB88DC8890
:10361000ED88FE888F89803109F042C0BB27A72F33
:10362000962F852F480159012A013B01C80ED91E4A
:10363000EA1EFB1E8091160290911702A0911802BB
:10364000B0911902C816D906EA06FB0699F58F89CA
:103650008031C1F5B301A201552766277727440FB2
:10366000551F4258574FFA019182808280917D0800
:10367000816080937D088A89823080F08D819E816F
:10368000AF81B8858C0D9D1DAE1DBF1D80936A074F
:1036900090936B07A0936C07B0936D0781E099CF6F
:1036A000DB01CA01E7E0B695A79597958795EA955E
:1036B000D1F7B8CF40E0C701B6010E945F19811170
:1036C000C6CF86CFB301A2014F775527662777274C
:1036D000440F551F440F551F4258574FFA0180821F
:1036E0009182A282B382C2CF8F929F92AF92BF92F9
:1036F000CF92DF92EF92FF920F931F93CF93DF93BE
:10370000FC0181859285A385B4850196A11DB11D1B
:1037100084179507A607B70770F480E0DF91CF9173
:103720001F910F91FF90EF90DF90CF90BF90AF90DF
:103730009F908F90089583889488A588B6888789FC
:10374000803189F5BB27A72F962F852FE9016A01C4
:103750007B018F01BC01CD01680D791D8A1D9B1D68
:103760008090160290901702A0901802B090190253
:1037700086169706A806B90601F5F80187898031F3
:1037800011F5DD24EE24FF24F601EE0FFF1FE258B1
:10379000F74F80819181B0E0A0E088839983AA836C
:1037A000BB8381E0BBCFDB01CA01C7E0B695A7951B
:1037B00097958795CA95D1F7C9CF40E00E945F19C8
:1037C0008111DBCFAACFE894C7F8DD24EE24FF24D3
:1037D000F601EE0FFF1FEE0FFF1FE258F74F80813B
:1037E0009181A281B381BF70D8CF4F925F926F92C7
:1037F0007F92AF92BF92CF92DF92EF92FF920F93A0
:103800001F93CF93DF9300D01F92CDB7DEB78C010B
:1038100049835A836B837C835901C12CD12C760157
:10382000412C82E0582E612C712C49815A816B8188
:103830007C819E012F5F3F4FC8010E94741B88232B
:1038400039F1F8018585A301920104C0220F331FCD
:10385000441F551F8A95D2F7DA01C901C80ED91E37
:10386000EA1EFB1E49815A816B817C8187898031E8
:1038700011F188EF9FEFAFEFBFE0481759076A07D4
:103880007B0798F2F501C082D182E282F38281E067
:103890000F900F900F900F90DF91CF911F910F918C
:1038A000FF90EF90DF90CF90BF90AF907F906F90A0
:1038B0005F904F90089588EF9FEFA0E0B0E0DDCFDC
:1038C000CF93DF93FC012581222321F080E0DF915B
:1038D000CF910895EC018091BD0F803159F582E0C0
:1038E0008583178A108E118E128E8091BE0F909153
:1038F000BF0FB0E0A0E025E0880F991FAA1FBB1FF3
:103900002A95D1F7838B948BA58BB68B86EA9FE0A3
:103910009C8F8B8F81E08C831E821F821886198674
:103920001A861B861C861D861E861F86188A198A83
:103930001A8ACDCF803251F683E085834091C00F43
:103940005091C10F6091C20F7091C30F478B508F80
:10395000618F728F9F012D5E3F4F86EA9FE00E942C
:10396000F51B8111D3CFB2CF8F929F92AF92BF92AE
:10397000CF92DF92EF92FF920F931F93CF93DF933B
:10398000EC018D8181110EC080E0DF91CF911F91FC
:103990000F91FF90EF90DF90CF90BF90AF909F90EE
:1039A0008F9008950B891C892D893E89041715076E
:1039B0002607370748F34A015B01823031F48A86D3
:1039C0009B86AC86BD8681E0E0CF81149104A10482
:1039D000B10449F41E821F82188619861A861B8636
:1039E0001C861D86F0CF0A851B852C853D85EB8DB9
:1039F000FC8D858590E00996B901A80141505109D7
:103A000061097109082E04C0769567955795479509
:103A10000A94D2F775016401E1E0CE1AD108E108F9
:103A2000F10804C0F694E794D794C7948A95D2F726
:103A3000C416D506E606F70620F0012B022B032B51
:103A400011F58F89988DA98DBA8D8E839F83A88754
:103A5000B9878E010A5F1F4FC114D104E104F1043C
:103A600009F4ADCF4E815F816885798598018B8D92
:103A70009C8D0E94741B91E0C91AD108E108F108DD
:103A80008111EACF81CFC41AD50AE60AF70AE1CF3D
:103A90003F924F925F926F927F928F929F92AF92DE
:103AA000BF92CF92DF92EF92FF920F931F93CF932B
:103AB000DF93CDB7DEB72C970FB6F894DEBF0FBEFD
:103AC000CDBF5C01DC015B968D909C905C97169657
:103AD0004D905D906D907C90199741145104610454
:103AE000710409F468C0BFEF4B1A5B0A6B0A7B0ACA
:103AF000312CF40181859285A385B4859C01AD01AB
:103B00002F5F3F4F4F4F5F4F29873A874B875C8727
:103B1000730162011D821E821F821886F401818555
:103B20009285A385B4852D813E814F8158852817C4
:103B300039074A075B0708F056C089859A85AB8527
:103B4000BC858C159D05AE05BF0550F482E0C82EDE
:103B5000D12CE12CF12C92E0492E512C612C712CAE
:103B60009E012F5F3F4FB701A601C4010E94741B45
:103B70008823C9F189819A81AB81BC81892B8A2BE9
:103B80008B2B09F1260137019FEF491A590A690A5F
:103B9000790A2D813E814F8158852F5F3F4F4F4FCE
:103BA0005F4F2D833E834F8358873FEFC31AD30A5D
:103BB000E30AF30AB3CFF40140805180628073803E
:103BC0003324339496CFC414D504E604F70409F7DC
:103BD0000FEF1FEF2FEF3FE0B701A601C4010E94D6
:103BE000D21A811119C080E02C960FB6F894DEBF6E
:103BF0000FBECDBFDF91CF911F910F91FF90EF903E
:103C0000DF90CF90BF90AF909F908F907F906F90FC
:103C10005F904F903F900895D50116964D915D911C
:103C20006D917C911997411551056105710539F028
:103C300097018601C4010E94D21A8823A1F2D501FE
:103C40001696CD92DD92ED92FC921997332051F0A9
:103C5000D701C6010196A11DB11DF4018083918396
:103C6000A283B383F5018789908DA18DB28D892BB5
:103C70008A2B8B2B39F48481C78AD08EE18EF28E09
:103C800080688483F50184818062848381E0ACCF85
:103C90002F923F924F925F926F927F928F929F925C
:103CA000AF92BF92CF92DF92EF92FF920F931F934A
:103CB000CF93DF9300D0CDB7DEB7FC0185818111B2
:103CC00018C08FEF9FEF0F900F900F90DF91CF9163
:103CD0001F910F91FF90EF90DF90CF90BF90AF902A
:103CE0009F908F907F906F905F904F903F902F901C
:103CF0000895848180FFE5CF438954896589768959
:103D000082859385A485B585312C212C48175907C8
:103D10006A077B0719F022242394312C6F012101BB
:103D2000CE0101963C01DF011696BB83AA834114A4
:103D3000510409F4C5C0F601428553856485758533
:103D40004A01F1E09F22D6015B968D919C915C9790
:103D50008A019B01E9E03695279517950795EA9525
:103D6000D1F71596EC91E230E9F5FC01628D738D87
:103D7000848D958D600F711F821F931FA12C22E0EF
:103D8000B22EA818B9084A145B0408F45201F601CF
:103D9000248126FD04C0A114F2E0BF0671F4009155
:103DA000160210911702209118023091190206177D
:103DB00017072807390709F05EC040E00E945F1925
:103DC000882309F47ECFC4018258974FD3019C0108
:103DD0002A0D3B1DFC012E173F0709F46CC04191D1
:103DE0004D93F9CFDC011496BC90BA94B0228114A3
:103DF000910479F4B1100DC0452B462B472B69F582
:103E0000F6018789908DA18DB28D86839783A087D7
:103E1000B187D6015B96ED91FC915C9716966D91FA
:103E20007D918D919C911997625071098109910939
:103E3000258504C0660F771F881F991F2A95D2F722
:103E40000685178520893189600F711F821F931F96
:103E50006B0D711D811D911D91CFD60116964D914F
:103E60005D916D917C9119972A813B810E94741B11
:103E70008111CFCF26CF730185019401AB01BC0125
:103E800080917B0890917C080E940018882309F497
:103E900018CF6A0C7B1CF60182859385A485B585B5
:103EA0008A0D9B1DA11DB11D82879387A487B587AD
:103EB0004A185B083CCF281B390B620E731EEBCFF0
:103EC0002A94232809F0FDCE898190E0FCCEFC01E4
:103ED000818D928D009711F00C94481E8FEF9FEF0B
:103EE00008950F931F93CF93DF93EC01898D9A8DE3
:103EF00010E000E0009799F00E94481E8C010F3FEF
:103F0000100769F0898D9A8DFC014285538564857F
:103F1000758541505109610971090E94B41CC8019D
:103F2000DF91CF911F910F9108951F93CF93DF934E
:103F3000FC0125812223D1F1162FEC01848187FF1A
:103F40002AC0668577858089918941E00E945F1942
:103F5000882361F1EA8980E2E89FF0011124E258A8
:103F6000F74F309719F18D81823040F48B899C890D
:103F7000AD89BE89848F958FA68FB78F8F89988DD5
:103F8000938F828F8F89988DA98DBA8DB58BA48BD5
:103F90008C818F778C83111103C08C818F7E8C83F1
:103FA000812FDF91CF911F910C94341980E0DF9124
:103FB000CF911F910895FF920F931F93CF93DF939B
:103FC000EC018D81813041F090E080E0DF91CF9174
:103FD0001F910F91FF9008958C8181FFF5CF82FD95
:103FE0001BC000917B0810917C08C8010E948D17AE
:103FF0000E946C17F82EC8010E945A178FEFF81212
:10400000E3CF8C8185FF1BC060E0CE010E94951F2D
:104010008C818F7D8C83D8CF4B895C896D897E891B
:104020008A859B85AC85BD8584179507A607B7074C
:10403000C1F2CE010E94B41C8111D3CFC5CF4091F3
:104040006A0750916B0760916C0770916D07452B63
:10405000462B472B21F080E00E941019B5CF8061DC
:104060008C832A853B85317080E092E0821B930B24
:10407000ADCFCF93DF93EC0161E00E94951F8823C1
:1040800011F01D8281E0DF91CF910895FC01818DB7
:10409000928D009719F061E00C94951F08952F926E
:1040A0003F924F925F926F927F928F929F92AF92C8
:1040B000BF92CF92DF92EF92FF920F931F93CF9315
:1040C000DF9300D01F921F92CDB7DEB77C015B015A
:1040D000342E5D83DC0115968C911597813009F0A3
:1040E000CEC014962C9021FECAC022FCB4C0C32CB2
:1040F000DD8022947FE027222094B22DB1702B2EF8
:10410000D7011A964D915D916D917C911D97C114C7
:10411000D10409F428C15B968D919C915C97FC01B8
:1041200074807A948A019B0169E0369527951795EA
:1041300007956A95D1F770228A011170711020C01D
:1041400001151105E9F416964D915D916D917C91E3
:104150001997411551056105710509F099C05796E8
:104160008D919D910D90BC91A02D0097A105B10559
:1041700009F0B0C0C7010E94481D882309F47FC020
:1041800080E092E0801B910B46018C159D0508F4A0
:104190004C01D7015B964D915C915C9716968D9181
:1041A0009D910D90BC91A02D0297A109B109FA0132
:1041B000258504C0880F991FAA1FBB1F2A95D2F717
:1041C0004685578560897189840F951FA61FB71F83
:1041D0009C01AD01270D311D411D511D29013A01E1
:1041E000811432E0930609F07BC080911602909111
:1041F0001702A0911802B091190284159505A60521
:10420000B70559F48FEF9FEFDC018093160290936E
:104210001702A0931802B0931902022D9501B30161
:10422000A20180917B0890917C080E94A2188823AB
:1042300031F19EEFB91AC818D908F7018285938524
:10424000A485B585880D991DA11DB11D8287938711
:10425000A487B58755CFF701438954896589768945
:1042600082859385A485B585481759076A077B071A
:1042700009F43DCFC7010E94B41C811138CF81E001
:1042800090E0D70113969C938E93129780E007C01D
:104290009E012F5F3F4F0E94741B811102C090E06E
:1042A00079C089819A81AB81BC81F701238D348DDE
:1042B000F901278948EF5FEF60E070E0203121F0DD
:1042C00048EF5FEF6FEF7FE084179507A607B7070A
:1042D00008F050CFF70186839783A087B18750CF2E
:1042E0000115110599F5D7011A964D915D916D91C2
:1042F0007C911D9753968D919D910D90BC91A02D11
:10430000481759076A077B0708F181E00E943419B2
:10431000882309F4B4CF409216025092170260929B
:1043200018027092190280917D08816080937D0847
:10433000C8018258974FD5019C01280D391DFC01F9
:104340002E173F0759F04D914193FACF41E0C30139
:10435000B2010E945F198111EBCF91CF281B390B5D
:10436000A20EB31E68CFF70183899489A589B68907
:1043700084179507A607B70738F48481438B548BBD
:10438000658B768B80688483F701848183FD1AC0F6
:10439000832D9D810F900F900F900F900F90DF91C4
:1043A000CF911F910F91FF90EF90DF90CF90BF9032
:1043B000AF909F908F907F906F905F904F903F90C5
:1043C0002F90089561E0C7010E94951F882309F48A
:1043D00056CFDECFCF93DF931F92CDB7DEB7698381
:1043E00041E050E0BE016F5F7F4F0E944F200F9071
:1043F000DF91CF910895CF93DF93EC01E98DFA8D92
:10440000309749F481E090E09B838A8390E080E0DC
:10441000DF91CF91089513821282898D9A8D0E9427
:104420004F20E98DFA8D22813381232B59F7F0CF6C
:104430000895FC016370668B8481958126813781A4
:10444000613039F0633029F0918780873387228784
:104450000895318720879387828708952F923F920E
:104460004F925F926F927F928F929F92AF92BF9284
:10447000CF92DF92EF92FF920F931F93CF93DF9330
:10448000CDB7DEB76A970FB6F894DEBF0FBECDBFCB
:104490009A8F898F7A8369834A01D22E18870F8376
:1044A0003701BC2CDC0159962D913C915A9721156E
:1044B000310509F015C118968D919C9119976817CF
:1044C00079070CF0D7C11A968D919C91481759071E
:1044D0000CF0D0C14C2C512CB6E0CB9E600D711D60
:1044E00011247C876B87161617060CF0C3C1EA2DC2
:1044F000F0E0FA87E98793E0EE0FFF1F9A95E1F766
:10450000F88BEF87CF01840F951F181619060CF052
:10451000B1C1A98DBA8D58968C91811104C0BFEAA2
:10452000BD1508F4D394A98DBA8DED91FC91119726
:104530000284F385E02DCD011995B5E0DB9EC00125
:104540001124E981FA81FC83EB83312C212C9C011D
:1045500027553B4F388F2F8B4A2D50E05E8B4D8B6C
:10456000EF89F88DE20DF31D44919E828D82D12C4E
:10457000C12C69817A81620D731D7A8B698B842FBE
:1045800090E09C8B8B8BE98DFA8DA081B18140FFEF
:1045900082C0F1E0BF126FC0AF126DC01C96ED91EA
:1045A000FC912F813885A4014C0D5D1D69897A89A4
:1045B000898D9A8D1995EB89FC89F595E7954E2F94
:1045C0005FEFC51AD50A6D817E818D899E89680F3E
:1045D000791F7E836D8398E0C916D10481F6AFEF11
:1045E0002A1A3A0AEB81FC81E40DF51DFC83EB836A
:1045F000F5E02F16310409F0B3CF2F813885261549
:104600003705B9F0A98DBA8DED91FC91B1E0BB12DF
:1046100057C0AB1255C069817A816B5F7F4F0088AC
:10462000F189E02D830128E030E0A401898D9A8D85
:104630001995A98DBA8DED91FC9111970688F7898E
:10464000E02DCD016A960FB6F894DEBF0FBECDBF48
:10465000DF91CF911F910F91FF90EF90DF90CF905E
:10466000BF90AF909F908F907F906F905F904F9092
:104670003F902F9019941E96ED91FC91EF80F88455
:1046800009851A8592014D815E816B817C81898DBE
:104690009A8D199590CF2F8138852615370509F405
:1046A0008ACF31E0B31207C0A31205C01C96ED916A
:1046B000FC91930178CF1E96ED91FC917301E0CFB0
:1046C0006B857C85641975090684F785E02D730177
:1046D0000F8518899201A401898D9A8D1995A9CF0A
:1046E000F90134969491329745915491D91AB7E0D3
:1046F000DB9E400D511D1124F901259134913C8B15
:104700002B8BFA0125903490FA01329674903196F1
:104710003491398B329664903196449041E04C1537
:1047200018F04A1508F07FC0662D062C000C770B98
:104730007C836B83842D042C000C990B9E838D83CA
:10474000A98DBA8DED91FC9111970284F385E02D2E
:10475000CD011995512CD12CC12CEA2DF0E0FA870E
:10476000E9872B2D30E03C872B87A401440D511D98
:1047700047FC5A95588F4F8B69817A81660D711D60
:1047800067FC7A957E876D877989C71608F051CFC7
:104790002C2D30E04D815E81420F531FA985BA85D3
:1047A0004A9FC0014B9F900D5A9F900D1124FC0110
:1047B000E80DF91DF88BEF87852D612C4F89588DF9
:1047C000420F531F5E8B4D8B671408F050C044247A
:1047D0004394480E877041F4C1010196EB89FC892E
:1047E000E20DF31DD4901C01D7FE19C0A98DBA8D1E
:1047F000ED91FC91662D70E0B1E0BB1219C0AB12D7
:1048000017C02D853E85620F731F0484F585E02D4A
:104810002F8138854D895E89898D9A8D1995DD0C9A
:104820006394842DD1CF1E821D821C821B8288CF6F
:104830004B815C81640F751FAB85BC856A9FC0018D
:104840006B9F900D7A9F900D112469817A81680F7A
:10485000791F0684F785E02DEF80F88409851A8595
:104860009D014F855889898D9A8D1995D8CF570C00
:10487000C3948ACF6A960FB6F894DEBF0FBECDBF41
:10488000DF91CF911F910F91FF90EF90DF90CF902C
:10489000BF90AF909F908F907F906F905F904F9060
:1048A0003F902F9008958F929F92AF92CF92EF9268
:1048B000FF920F931F93CF93DF93EC01262F898DE7
:1048C0009A8D009709F051C06A30D1F41D861C867C
:1048D0008D8948E0849F900111248E859F85820FE9
:1048E000931F9F878E8781E090E0DF91CF911F918A
:1048F0000F91FF90EF90CF90AF909F908F90089581
:104900006D3089F3CC88AD888F898823C1F08C8580
:104910009D8536E0C39E800D911D112448855985E3
:104920004817590764F44E855F851D861C8638E05C
:10493000A39EC0011124840F951F9F878E87EA884C
:10494000FB88088919894E855F856C857D85CE0138
:104950000E942E222C898C859D8546E0249F800D07
:10496000911D11249D878C87BECF6A3069F41D8606
:104970001C86FC013896E4912D898E859F85E29FE7
:10498000800D911D1124ADCF6D3009F4ACCFFC0129
:1049900034963491631708F4A6CF3296E491E61763
:1049A00008F4A1CFFC01329685909490462F431BCA
:1049B000342F47E0349F800C911C1124F40132966F
:1049C00034913196E4913323A9F1EE2399F1CC8807
:1049D000F4013596E491AD884F89442301F10E2E00
:1049E000000CFF0BE30FF11DCE9EA001CF9E500DDA
:1049F00011246C857D85460F571F6885798564175E
:104A000075076CF44E855F851D861C86FC01389603
:104A1000E491AE9E400D511D11245F874E87EA88B8
:104A2000FB88088919894E855F856C857D85CE0157
:104A30000E942E22F4013496E4912C898C859D8568
:104A4000E29F800D911D11248DCF6F927F928F92E6
:104A50009F92AF92BF92CF92DF92EF92FF920F930D
:104A60001F93CF93DF93EC016B015A013901480189
:104A7000E881F9810284F385E02D1995E881F981B7
:104A80000288F389E02D87019301A501B601CE01CB
:104A90001995A501480D591D41505109E881F98129
:104AA0000288F389E02D9301B601CE011995E881C2
:104AB000F9810088F189E02D9401A501B601CE01AC
:104AC0001995C60CD71CB60161507109E881F981AE
:104AD0000088F189E02D9401A501CE011995E881A6
:104AE000F9810688F789E02DCE01DF91CF911F91E2
:104AF0000F91FF90EF90DF90CF90BF90AF909F907D
:104B00008F907F906F9019946F927F928F929F9267
:104B1000AF92BF92CF92DF92EF92FF920F931F93CB
:104B2000CF93DF935C01EB016A01490138018701F2
:104B3000DC01ED91FC916217730719F56416750697
:104B40002CF0962D872D3A01C92ED82E96012619C4
:104B500037092F5F3F4F048CF58DE02DA301BE0177
:104B6000C5011995DF91CF911F910F91FF90EF90A3
:104B7000DF90CF90BF90AF909F908F907F906F907D
:104B800008954615570591F42617370724F0892D07
:104B90004B01C22FD82F9E01281939092F5F3F4F93
:104BA000068CF78DE02DA601B401DACF0284F385DF
:104BB000E02D1995D501ED91FC910488F589E02D42
:104BC00083019401A601BE01C5011995D501ED919E
:104BD000FC910688F789E02DC501DF91CF911F91E7
:104BE0000F91FF90EF90DF90CF90BF90AF909F908C
:104BF0008F907F906F901994EF92FF920F931F9375
:104C0000DC011A960D911C911B9718962D913C91E1
:104C10001997ED91FC9100A0F1A1E02D7B0150E0EE
:104C200040E070E060E019951F910F91FF90EF90C8
:104C300008954F925F926F927F928F929F92AF9260
:104C4000BF92CF92DF92EF92FF920F931F93CF9379
:104C5000DF936C012B015A0139014801DC01ED9110
:104C6000FC910284F385E02D1995E201640C751C1A
:104C7000D601ED91FC91C615D7055CF40088F18949
:104C8000E02D87019401A501BE01C6011995219669
:104C9000EFCF0688F789E02DC601DF91CF911F91F4
:104CA0000F91FF90EF90DF90CF90BF90AF909F90CB
:104CB0008F907F906F905F904F9019948F929F92FA
:104CC000AF92BF92CF92DF92EF92FF920F931F931A
:104CD000CF93DF93EC015B014A016901E881F9811F
:104CE0000284F385E02D199595012C0D3D1D215071
:104CF0003109E881F9810488F589E02D7801840182
:104D0000A401B501CE011995E881F9810688F789DA
:104D1000E02DCE01DF91CF911F910F91FF90EF9089
:104D2000DF90CF90BF90AF909F908F9019948F920B
:104D30009F92AF92BF92CF92DF92EF92FF920F932A
:104D40001F93CF93DF93EC015B014A016901780166
:104D5000E881F9810284F385E02D1995C80CD91CEE
:104D6000860101501109E881F9810488F589E02D57
:104D70009501A401B501CE011995E881F981068854
:104D8000F789E02DCE01DF91CF911F910F91FF9018
:104D9000EF90DF90CF90BF90AF909F908F9019943D
:104DA000EF92FF920F931F93DC01ED91FC9100A015
:104DB000F1A1E02D19951F910F91FF90EF900895AB
:104DC0000F931F93DC01ED91FC91068CF78DE02D84
:104DD00019951F910F9108950F931F93DC01ED9189
:104DE000FC91048CF58DE02D19951F910F9108957C
:104DF000DC01ED91FC910084F185E02D19943F9246
:104E00004F925F926F927F928F929F92AF92BF92DA
:104E1000CF92DF92EF92FF920F931F93CF93DF9386
:104E20005C017B014A016901390187E0680E711C50
:104E300093E0759467949A95E1F72B01400E511E0B
:104E400010E000E0312CD0E0C0E0CE01877099275F
:104E5000330C892B59F4FE0183E0F595E7958A958B
:104E6000E1F7E00FF11FE80DF91D349037FE0AC09D
:104E700021E030E0A701B5016C0F7D1F8FEE9FE0B0
:104E80000E94F8262196CC16DD06F9F68FEFE81A77
:104E9000F80A060D171DE414F504A9F6DF91CF9169
:104EA0001F910F91FF90EF90DF90CF90BF90AF9048
:104EB0009F908F907F906F905F904F903F9008955C
:104EC0002F923F924F925F926F927F928F929F921A
:104ED000AF92BF92CF92DF92EF92FF920F931F9308
:104EE000CF93DF9300D000D0CDB7DEB73C016A018D
:104EF0003E832D83FC82EB825801A41AB50AB7FECB
:104F000003C0B194A194B1088D809E80861A970A3F
:104F100097FE03C09194819491088A149B045CF0DD
:104F2000902F812F0D811E819D838E839C2D8D2D31
:104F30006B01692F782F0C151D055CF09D818E810A
:104F40007E836D83692F782F902F812F8601C92E44
:104F5000D82E1601201A310A2B012D813E81421ACA
:104F6000530A57FE03C0519441945108710137FE12
:104F700003C03FEFE31AF30AF594E7948D819E8115
:104F8000861797075CF5A1E0B0E0BA83A983C01645
:104F9000D1064CF1D301ED91FC910484F585E02D0F
:104FA0002B813C81A8016D817E818A149B041CF0B9
:104FB0004D815E81B801C3011995E418F508F7FE2B
:104FC0000AC02D813E8189819A81280F391F3E8335
:104FD0002D83E20CF31C0F5F1F4FD9CF2FEF3FEF54
:104FE0003A832983D4CF26960FB6F894DEBF0FBE3E
:104FF000CDBFDF91CF911F910F91FF90EF90DF9088
:10500000CF90BF90AF909F908F907F906F905F9068
:105010004F903F902F900895089520911E07260FDE
:105020003327331F21323105ECF420914207FC0174
:1050300090E080E0243069F082E00895A0911E079E
:105040002191AC014250594FA40FB52FB11D2C93A3
:105050000196861798F380911E07680F60931E07CC
:1050600080E0089581E008951092420781E08093E6
:1050700044071092430761E084E10E94E20E61E080
:1050800085E10E94E20EE9EBF0E080818E7F808373
:1050900080818D7F808388E48093B80085E480934D
:1050A000BC000895CF93DF9391E09093FD06882391
:1050B000B9F0C091B800D091BA008091BC008A7B51
:1050C0008093BC0060E084E10E94E20E60E085E134
:1050D0000E94E20E0E943428D093BA00C093B80018
:1050E000DF91CF910895E091730780917207E817DF
:1050F00030F4F0E0E852F94F808190E008958FEFAE
:105100009FEF089590917307809172072FEF3FEF03
:10511000981748F4E92FF0E0E852F94F208130E089
:105120009F5F90937307C9010895809172079091D2
:105130007307891B990B0895CF92DF92EF92FF922C
:105140000F931F93CF93DF937C01CB018A012091B2
:10515000810A222389F0EB016B01C40ED51ECC1508
:10516000DD0569F06991D701ED91FC910190F08125
:10517000E02DC7011995F3CF642F0E940D28C801B7
:10518000DF91CF911F910F91FF90EF90DF90CF9023
:105190000895CF93DF931F92CDB7DEB76983209137
:1051A000810A2223F9F020917E0A203258F021E072
:1051B00030E0FC013383228390E080E00F90DF91A8
:1051C000CF91089580917F0AE82FF0E0E854F94FDD
:1051D000998190838F5F80937F0A80937E0A81E01C
:1051E00090E0ECCF61E0CE0101960E940D28F7CF50
:1051F000CF92DF92EF92FF920F931F93CF93DF93A3
:10520000D0917E0A81E0D13208F09CC0C091800A22
:105210000E942D126B017C018091420781116CC0AC
:1052200082E08093420781E0809344078FEF809370
:10523000410710926607D0936507A8EBB6E0E5E456
:10524000F7E080E0D8138DC0109267078091670760
:10525000CC0FC82BC093670780914307813009F0BA
:1052600084C0109243070E942D126B017C01809133
:1052700067078093BB008091F9069091FA06A09190
:10528000FB06B091FC06892B8A2B8B2BA1F00E9488
:105290002D120091F9061091FA062091FB0630912B
:1052A000FC066C197D098E099F0906171707280748
:1052B000390708F442C08091BC0083FDD8CF85EC4B
:1052C0008093BC000E942D126B017C0180914207EB
:1052D000823009F44CC0809141078F3F09F469C0C6
:1052E00080914107803209F466C080914107803384
:1052F00009F463C084E026C08091F9069091FA0613
:10530000A091FB06B091FC06892B8A2B8B2B09F40C
:1053100083CF0E942D120091F9061091FA06209178
:10532000FB063091FC066C197D098E099F09061752
:1053300017072807390708F06FCF8091F8060E94F9
:10534000522885E010927F0A10927E0A1092810AFC
:10535000DF91CF911F910F91FF90EF90DF90CF9051
:1053600008959D9191938F5F6DCF85EEA9CF809128
:10537000F9069091FA06A091FB06B091FC06892BE4
:105380008A2B8B2B09F4A2CF0E942D120091F906D3
:105390001091FA062091FB063091FC066C197D09EC
:1053A0008E099F09061717072807390708F08ECFBF
:1053B000C4CF80E0C7CF82E0C5CF83E0C3CFEF92F8
:1053C000FF920F931F93CF93DF937C01C62F8091A1
:1053D0000C1090910D10009709F459C020911010F5
:1053E00031E03093810A2093800A10927F0A109254
:1053F0007E0ADC01ED91FC910190F081E02D60E0EE
:1054000019958701EE24E394F12CD1E0C1508091ED
:105410000C1090910D10CF3F91F1B0E2EB16F1041A
:10542000D8F00E94F82880910C1090910D102091D6
:105430001010D093810A2093800A10927F0A109254
:105440007E0ADC01ED91FC910190F081E02D60E09D
:105450001995EE24E394F12C80910C1090910D108D
:10546000F8016491DC01ED91FC910190F081E02D57
:105470001995BFEFEB1AFB0A0F5F1F4FC7CFDF91E4
:10548000CF911F910F91FF90EF900C94F828E0912D
:105490001C10F0911D10908180912210809589231D
:1054A00080838701C15008F438C0F80184912091AD
:1054B0000A1030910B10232B29F00E9465170F5F03
:1054C0001F4FF0CF28E030E040E8E0911810F09155
:1054D000191090912010582F5423D9F05081952BFA
:1054E0009083E0911A10F0911B109081509121103F
:1054F000952B9083E0911A10F0911B1050819091A0
:105500002110909595239083469521503109E9F615
:10551000D6CF508190959523E3CFDF91CF911F9106
:105520000F91FF90EF9008951F93CF93DF93EC01BD
:105530008D8D9E8D009721F1162F29A131E030939A
:10554000810A2093800A10927F0A10927E0ADC0161
:10555000ED91FC910190F081E02D60E019958D8D29
:105560009E8DDC01ED91FC910190F081E02D612F89
:1055700019958D8D9E8DDF91CF911F910C94F828F8
:10558000ADA5BEA59C918BA9809589238C938B8D0D
:105590009C8D892B31F0862FDF91CF911F910C9438
:1055A000651728E030E080E8A9A5BAA599A9462F9B
:1055B0004823C1F04C91942B9C93ABA5BCA59C9126
:1055C0004AA9942B9C93ABA5BCA54C919AA9909504
:1055D00094239C9386952150310931F7DF91CF9127
:1055E0001F9108954C9190959423E6CFDF92EF920E
:1055F000FF920F931F93CF93DF9380910C109091A4
:105600000D10892B09F4A5C020912410309125108C
:10561000409126105091271060E074E284EF90E0F2
:105620000E949A68205131094109510956954795C0
:10563000379527952093B80064E082ED96E10E94AB
:10564000DF298091F30F9091F40F8034910509F0D8
:1056500097C060E28FEE9FE00E94942A6091F30F62
:10566000615E8FEE9FE00E94942A2091F50F3091A9
:10567000F60FC901079697FD079633E09595879534
:105680003A95E1F72091F30F3091F40F829F80015A
:10569000839F100D929F100D1124C0910E10D09178
:1056A0000F1080910C1090910D100C0F1D1F009782
:1056B00009F498C02091101031E03093810A2093B2
:1056C000800A10927F0A10927E0ADC01ED91FC9113
:1056D0000190F081E02D60E41995EE24E394F12C23
:1056E000DD24D39480910C1090910D100C171D07A0
:1056F00009F44FC0B0E2EB16F104D8F00E94F8288C
:1057000080910C1090910D1020911010D092810A70
:105710002093800A10927F0A10927E0ADC01ED919C
:10572000FC910190F081E02D60E41995EE24E39462
:10573000F12C80910C1090910D106991DC01ED918C
:10574000FC910190F081E02D1995BFEFEB1AFB0A57
:10575000C9CF80910A1090910B10892B31F0809164
:105760002D1090912E100E948A17E0911E10F0913A
:105770001F109081809123108095892380835CCFB6
:1057800060E08FEE9FE00E94942A6091F30F6150D9
:1057900068CF0E94F82880910C1090910D10892BF1
:1057A00009F461C0209128103091291040912A10ED
:1057B00050912B1060E074E284EF90E00E949A68B0
:1057C000205131094109510956954795379527953B
:1057D0002093B800DF91CF911F910F91FF90EF9030
:1057E000DF900895E0911C10F0911D108081909140
:1057F0002210892B80830C171D0769F28991209153
:105800000A1030910B10232B19F00E946517F3CF6B
:1058100028E030E040E8E0911810F09119109091E4
:105820002010582F5423D9F05081952B9083E0916C
:105830001A10F0911B10908150912110952B90839C
:10584000E0911A10F0911B105081909121109095C9
:1058500095239083469521503109E9F6CCCF5081AC
:1058600090959523E3CFE0911E10F0911F10808159
:1058700090912310892B8083ADCF1F93CF93DF931B
:10588000EC01162F8D8D9E8D892BB1F12DA93EA98E
:105890004FA958AD60E074E284EF90E00E949A68EE
:1058A000205131094109510956954795379527955A
:1058B0002093B80066EA111167EACE010E94942A8B
:1058C0008D8D9E8D892B41F129AD3AAD4BAD5CADEF
:1058D00060E074E284EF90E00E949A682051310900
:1058E0004109510956954795379527952093B8005A
:1058F000DF91CF911F9108958B8D9C8D892B21F085
:105900008EAD9FAD0E948A17EFA5F8A990818CA952
:10591000809589238083CECFEFA5F8A980819CA9AB
:10592000892B8083E5CF90E080E008958F929F924D
:10593000AF92BF92CF92DF92EF92FF921F93CF93DD
:10594000DF93FC018281938168177907A8F54A01EA
:10595000AA24BB24C82DC32ED42EE52EFF241C2D33
:10596000D22F8085882361F0889E40011124C92DA3
:105970008C9D600111241D2D829FD0011124DB2FED
:10598000A685E184F2849385A91322C0CB01880FF8
:10599000991F680F791F6E0D7F1DA385A60FB72F66
:1059A000B11DCC93A485A60FB72FB11D1C9385857F
:1059B000680F711DFB01D083DF91CF911F91FF9084
:1059C000EF90DF90CF90BF90AF909F908F90089511
:1059D000660F771F660F771F6E0D7F1D252F3327EC
:1059E00044275527882349F090E0829F7001839FC8
:1059F000F00C929FF00C11242F2DA60FB72FB11D84
:105A00002C93CBCFCF92DF92EF92FF920F931F9305
:105A1000CF93DF9300D000D000D0CDB7DEB78C019C
:105A2000DC0119968D919C91892B09F473C00E9419
:105A30002D12F801C784D088E188F2886C157D05A5
:105A40008E059F0520F46787708B818B928BF80100
:105A5000C784D088E188F2886C197D098E099F0976
:105A60006C3271408105910510F3F894D8011496B9
:105A70008D919C9115979A8389831996ED91FC914C
:105A80007F01BFEFEB1AFB0A80818987F8019081C3
:105A90000388F489E02DD80155968C91992309F457
:105AA00048C09081982B98879081809589238F8317
:105AB0008F818C8388E08B8358856F8149853B81FA
:105AC0002C8189819A81D701508347FD252F3A95F2
:105AD0002083262F39F0441F00C00000608300009F
:105AE00000C0F2CF38E04D9160830000019761F76C
:105AF000D8015496FC93EE93539749873B832C83AC
:105B00009A83898378940E942D12F8016787708B9D
:105B1000818B928B29960FB6F894DEBF0FBECDBF56
:105B2000DF91CF911F910F91FF90EF90DF90CF9079
:105B300008959081982B98879081809589238F83F1
:105B40008F818E8388E08D8358856F8149853D8163
:105B50002E8189819A81D701508347FD252F00C06E
:105B600000C0208300C000C000C000C000C060832F
:105B70000000262F3A9541F0441F000000C000C0ED
:105B800000C000C000C0E8CF38E04D9100C0608385
:105B900000C0019709F7D8015496FC93EE935397F0
:105BA00049873D832E83ACCFCF93DF93EC018E8169
:105BB0009F8197FD0CC061E00E94100F60E08E8114
:105BC0000E94E20E81E08983DF91CF9108951982CE
:105BD00080E0FACF4F925F926F927F928F929F9266
:105BE000AF92BF92CF92DF92EF92FF920F931F93EB
:105BF000CF93DF932091E40E2223B1F12091E30EA5
:105C0000222391F14B015C0105E612E0D0E0C0E0F7
:105C1000C12CD12C760194E9492E93E4592E612CA4
:105C2000712CF801219131918F01A9E7B4E50E940F
:105C3000EE68A30192010E949A68C20ED31EE41E70
:105C4000F51E8C149D04AE04BF04F8F02196C032FA
:105C5000D10539F7809100028F3F31F086E00E9434
:105C600093128FEF80930002DF91CF911F910F91DC
:105C7000FF90EF90DF90CF90BF90AF909F908F906C
:105C80007F906F905F904F900895809100028C17E5
:105C900059F3FE01EE0FFF1FEB5DFD4F80819181F7
:105CA0000E944C0FC0930002DFCF8F929F92AF9261
:105CB000BF92CF92DF92EF92FF920F931F93CF93F9
:105CC0005B017A0169010E94B90E8C01C1E0892B48
:105CD00009F4C0E00E948512F50120812C1731F0F3
:105CE000C083F6016083718382839383F601808091
:105CF0009180A280B380681979098A099B0964316F
:105D000071058105910540F0F70180818C1721F024
:105D1000C08381E0012B09F080E0CF911F910F91AA
:105D2000FF90EF90DF90CF90BF90AF909F908F90BB
:105D3000089590914608992381F0809347080E9426
:105D40008512685F784F8F4F9F4F6093A9067093BD
:105D5000AA068093AB069093AC060895803198F420
:105D60009091C40A662329F061E0992329F060E04C
:105D700003C061E09923D9F3E82FF0E0EB54FD4F25
:105D800080810C94E20E0895CF93C0E060E08C2FE8
:105D90000E94AE2ECF5FC031C9F7CF9108958130F8
:105DA0009105A1F050F082309105C9F0039701F1FF
:105DB00060E070E088EC92E408956091B40A70911C
:105DC000B50A8091B60A9091B70A08956091B80A11
:105DD0007091B90A8091BA0A9091BB0A08956091B6
:105DE000BC0A7091BD0A8091BE0A9091BF0A0895C5
:105DF0006091C00A7091C10A8091C20A9091C30A51
:105E0000089582309105F1F030F4019791F060E04F
:105E100070E0CB01089583309105E9F00497B9F75C
:105E20006091C00A7091C10A8091C20A9091C30A20
:105E300008956091B40A7091B50A8091B60A909164
:105E4000B70A08956091B80A7091B90A8091BA0AA8
:105E50009091BB0A08956091BC0A7091BD0A80912F
:105E6000BE0A9091BF0A08954F925F926F927F92FF
:105E70008F929F92AF92BF92CF92DF92EF92FF925A
:105E80002B013C017A01CA010E94012F4B015C01E8
:105E900081E0E816F10409F44EC088F082E0E816CB
:105EA000F10409F451C083E0E816F10409F455C087
:105EB000C12CD12C98ECE92E92E4F92E08C0C090A8
:105EC000B40AD090B50AE090B60AF090B70AA501DE
:105ED0009401C301B2010E94FD6820E030E048EC6B
:105EE00052E40E94C9672B013C01A5019401C7013E
:105EF000B6010E94FD689B01AC01C301B2010E9482
:105F00006A696B017C0120E030E0A9010E946367AF
:105F100087FD2CC020E030E048EC52E4C701B60118
:105F20000E94126A18162CF5C12CD12C88ECE82E90
:105F300082E4F82E1EC0C090B80AD090B90AE09052
:105F4000BA0AF090BB0AC3CFC090BC0AD090BD0A79
:105F5000E090BE0AF090BF0ABACFC090C00AD090BD
:105F6000C10AE090C20AF090C30AB1CFC12CD12C73
:105F70007601C701B601FF90EF90DF90CF90BF9000
:105F8000AF909F908F907F906F905F904F9008950B
:105F9000CF92DF92EF92FF926B017C01AC019B01EB
:105FA0006091B40A7091B50A8091B60A9091B70ACF
:105FB0000E94126A18168CF1A70196016091B80A26
:105FC0007091B90A8091BA0A9091BB0A0E94126A34
:105FD000181634F12091BC0A3091BD0A4091BE0AD6
:105FE0005091BF0AC701B6010E94636787FD1BC0BD
:105FF0002091C00A3091C10A4091C20A5091C30A4F
:10600000C701B6010E94636787FD10C084E090E07D
:10601000FF90EF90DF90CF90089590E080E0F8CF70
:1060200081E090E0F5CF82E090E0F2CF83E090E075
:10603000EFCF2F923F924F925F926F927F928F920B
:106040009F92AF92BF92CF92DF92EF92FF920F9307
:106050001F93CF93DF932B013C010E94C82FD82FB1
:10606000C92F0E94012F6B017C018D2F9C2F0E9454
:10607000CF2E4B015C01AC019B01C701B6010E9410
:10608000636787FF78C0A7019601C301B2010E9430
:10609000FD6820E030E048EC52E40E94C9672B0123
:1060A0003C01A7019601C501B4010E94FD689B0156
:1060B000AC01C301B2010E946A696B017C0120E05E
:1060C00030E0A9010E94636787FD55C020E030E001
:1060D00048EC52E4C701B6010E94126A18160CF48B
:1060E0004EC085ECA82E8AE0B82EC0E095E6392E89
:1060F000F50181915F0161E0813009F448C060E001
:10610000823009F444C02090A50C05EA1BE0612C04
:10611000912C812C512C712C2614C1F1F801818114
:106120008C1325C040804D124CC0638170E090E01C
:1061300080E00E946A67A70196010E9463671816B3
:10614000B4F0F801838190E0439C800D911D1124EF
:10615000552019F08815990550F077247394F801AB
:106160002281211101C0712C4C0155245394639458
:106170000C5F1F4FD1CFC12CD12C7601B2CFC12CD7
:10618000D12C28ECE22E22E4F22EABCF672D8C2FFF
:106190000E94AE2ECF5FC03109F0AACFDF91CF9120
:1061A0001F910F91FF90EF90DF90CF90BF90AF9035
:1061B0009F908F907F906F905F904F903F902F9027
:1061C00008954D1608F4BDCFD2CF8F929F92AF9213
:1061D000BF92CF92DF92EF92FF926B017C01809190
:1061E0000702882379F10E948512809057089090C9
:1061F0005808A0905908B0905A08681979098A0976
:106200009B09A70196010E949A680E94686720E096
:1062100030E048EC52E40E94C9674B015C01C701C1
:10622000B6010E9468679B01AC01C501B4010E94E0
:106230006A69FF90EF90DF90CF90BF90AF909F90F2
:106240008F90089560915B0870915C0880915D0863
:1062500090915E08CACF643648F4869FC00111242D
:10626000C29664E670E00E941C6A862F08951F9310
:10627000CF93DF93182F8091C80E882311F1262F1A
:1062800030E0D9010E94EE689B01AC01A0EFBFE0B5
:106290000E94DB6871588F4F9F4F21E03EEF40E036
:1062A00050E00E949A68C90134E0969587953A9526
:1062B000E1F7682F2F70283020F08F3F11F061E058
:1062C000680FC62FD0E08091C90E882331F08FEF80
:1062D00090E09C012C1B3D0BE90161E0812F0E94A5
:1062E000100F209739F460E0812FDF91CF911F913B
:1062F0000C94E20ECF3FD10511F461E0F5CFE12F10
:10630000F0E0E458F94EE491E150E23108F0B3C016
:10631000F0E08827E157FE4C8F4F0C94446AA1317E
:10632000A931AE31B831C2313B32CC31D431DC315C
:10633000E631F031FA31093213323B321D32273265
:10634000313284B5806884BDC7BDDF91CF911F9184
:10635000089584B5806284BDC8BDF7CF8091800068
:10636000806880938000D0938900C0938800EDCF2F
:1063700080918000806280938000D0938B00C093D6
:106380008A00E3CF80918000886080938000D09362
:106390008D00C0938C00D9CF8091B000806880932D
:1063A000B000C093B300D1CF8091B00080628093E1
:1063B000B000C093B400C9CF8091900080688093F2
:1063C0009000D0939900C0939800BFCF8091900027
:1063D000806280939000D0939B00C0939A00B5CFC9
:1063E00080919000886080939000D0939D00C0932E
:1063F0009C00ABCF8091A00080688093A00080912A
:10640000A0008F7B8093A000D093A900C093A80028
:106410009CCF8091A00080628093A000D093AB00BD
:10642000C093AA0092CF8091A00088608093A000C2
:10643000D093AD00C093AC0088CF809120018068DC
:1064400080932001D0932901C09328017ECF8091B1
:106450002001806280932001D0932B01C0932A01F8
:1064600074CF80912001886080932001D0932D010A
:10647000C0932C016ACFC038D1050CF03ECF33CF8A
:106480000F931F93CF93DF93062F142F8093A206B1
:106490006093A1064093A006C7ECDEE068810E94ED
:1064A0002B31682F8CE20E9437316881802F0E9447
:1064B0002B31682F8DE20E9437316881812F0E9435
:1064C0002B31682F8EE2DF91CF911F910F910C94A9
:1064D00037310F931F93CF93DF93062F142F8093A1
:1064E000A5066093A4064093A306C6ECDEE068818F
:1064F0000E942B31682F87E00E9437316881802FFE
:106500000E942B31682F8BE00E9437316881812FE8
:106510000E942B31682F8CE0DF91CF911F910F915A
:106520000C9437310F931F93CF93DF93062F142FC3
:106530008093A8066093A7064093A606C5ECDEE00C
:1065400068810E942B31682F82E00E943731688178
:10655000802F0E942B31682F83E00E9437316881A1
:10656000812F0E942B31682F84E0DF91CF911F9102
:106570000F910C943731CF939091E30E992359F1F9
:10658000811108C090914108992321F090913C0815
:10659000911121C0C82F86E00E9493128091E80ECD
:1065A0009091E90E0E944C0F0E9485122091EA0EF4
:1065B0003091EB0E620F731F811D911D60933D089A
:1065C00070933E0880933F089093400881E0809349
:1065D0004108C0933C08CF9108959C018091AE0A78
:1065E0009091AF0A2817390744F08091B00A909132
:1065F000B10A281739070CF4C9010895CF93DF9326
:106600000E94ED322091B00A3091B10A4091AE0A59
:106610005091AF0AF901E41BF50B6091B20A281BF7
:10662000390B611103C09C01241B350B3196C3E06B
:10663000D0E0CF01BE010E94306A261737075CF414
:106640006091A20A7091A30A8091A40A9091A50A70
:10665000DF91CF910895CF01880F991FBE010E944D
:10666000306A261737074CF46091A60A7091A70A82
:106670008091A80A9091A90AEBCF6091AA0A709123
:10668000AB0A8091AC0A9091AD0AE2CF0F931F93B1
:10669000CF93DF93EC0180E2689FF0011124E25870
:1066A000F74F6A8B8091160290911702A091180201
:1066B000B09119028E879F87A88BB98B04891589A1
:1066C00030E020E09801112700270F8B188F298FC9
:1066D0003A8F828D938DB0E0A0E0AC01BD01402BDC
:1066E000512B622B732B4F8B588F698F7A8F838539
:1066F0008871A9F4848D958DA68DB78D8B8B9C8B1D
:10670000AD8BBE8B81E08D8381E08C831E821F82E6
:10671000188619861A861B861C861D8603C0803142
:1067200031F080E0DF91CF911F910F9108959E018C
:106730002D5E3F4F8B8D9C8D0E94F51B882389F326
:1067400084E0E1CF2091F50F3091F60FC901079653
:1067500097FD079623E0959587952A95E1F7209177
:10676000F30F3091F40F829FA001839F500D929FF1
:10677000500D112470E060E080910E1090910F1088
:106780000C94836BFC014481558170E060E081854D
:1067900092850C94836B2F923F924F925F926F92EF
:1067A0007F928F929F92AF92BF92CF92DF92EF92A1
:1067B000FF920F931F93CF93DF9300D000D000D0B0
:1067C0001F92CDB7DEB76B017C0120E030E0A9015C
:1067D0000E94636787FD3AC120E030E040E85FE354
:1067E000C701B6010E94126A181634F4C12CD12CCC
:1067F00040E8E42E4FE3F42E85E490E10E94C2339A
:106800008090CC0E8B82682D70E090E080E00E943A
:106810006A67A70196010E94C96720E030E040E066
:106820005FE30E94FE680E94E369681508F46B83C9
:106830002CE336E03E832D83312C212C8B802814D1
:1068400008F022C1ED81FE818190FE83ED838C8270
:106850006091CC0E70E090E080E00E946A67A70132
:1068600096010E94C9674B015C01B101032C000C29
:10687000880B990B0E946A679B01AC01C501B401AA
:106880000E94FD684B015C0120E030E0A9010E94FC
:10689000636787FDDFC020E030E040E85FE3C501CB
:1068A000B4010E94126A181634F4812C912C30E83D
:1068B000A32E3FE3B32E3C81232F30E03A8329837C
:1068C000F901E852FA4F608170E090E080E00E94A8
:1068D0006A67A50194010E94C9670E94E3694B01A0
:1068E000FB01A981BA81AC58BA4F8C91882309F475
:1068F00073C0E630F10508F46FC04090D00E5090A0
:10690000D10E712C612C6091D20E7091D30E90E05B
:1069100080E064197509860997092DE130E040E0AF
:1069200050E00E949A6889019A014C8155E2459F86
:10693000C00111246EE170E00E941C6ADC01A90113
:1069400098010E94DB68460E571E681E791E0E9441
:1069500085126F83788789879A87EC81FDEAEF9F9C
:10696000C001112464E873E00E941C6A2F813885FD
:1069700049855A85280F391F411D511DCA01B9018A
:10698000A30192010E949A689B01AC01A4E6B0E0C9
:106990000E94DB68A30192010E949A682D323105A2
:1069A0004105510508F46EC02733310541055105F5
:1069B00008F054C086EF289F202D11242A5D30E076
:1069C000289DC001299D900D389D900D112464E6ED
:1069D00070E00E941C6AFB012091D40E2E9FC00122
:1069E0002F9F900D112464E670E00E941C6A362FE0
:1069F0002091D50E2E9FC0012F9F900D112464E68B
:106A000070E00E941C6A70E090E080E0982F872F71
:106A1000762F66274B015C01A32A95014091D60E83
:106A20004E9FC0014F9F900D112464E670E00E94BC
:106A30001C6AA9019401262B69817A8185E490E181
:106A40000E94962C2FEF221A320AF8CEC12CD12C9C
:106A50007601D2CE812C912C54012DCF20353105D9
:106A60004105510560F02A3531054105510550F4C5
:106A70009AE0299F202D1124205209F0A0CFF0E0A8
:106A8000E0E0AACF24E69BCF0E942D126B017C018F
:106A90008091700590917105A0917205B091730578
:106AA00046015701881A990AAA0ABB0AD501C401EE
:106AB00080329E44A105B10560F085E490E10E941A
:106AC000022DC0927005D0927105E0927205F0928D
:106AD00073052A960FB6F894DEBF0FBECDBFDF91C7
:106AE000CF911F910F91FF90EF90DF90CF90BF90CB
:106AF000AF909F908F907F906F905F904F903F905E
:106B00002F900895AF92BF92CF92DF92EF92FF92B3
:106B10000F931F93CF93DF9300D000D000D01F922C
:106B20001F92CDB7DEB76C01FE013196CE010C96F7
:106B30007F0120E22193E817F907E1F7DA0120E06D
:106B400037E09D91B92E9923A9F19E32B9F43A30DC
:106B500091F480E02B960FB6F894DEBF0FBECDBF48
:106B6000DF91CF911F910F91FF90EF90DF90CF9029
:106B7000BF90AF90089528E03AE0E3CFE2ECF6E171
:106B80008491882321F031969813FACFE2CF3217FF
:106B900000F38FED890F8E35E0F68FE9890F8A318A
:106BA00018F440EEB42EB90EF701E20FF11DB082D9
:106BB0002F5FC7CF8981803261F28B01FB01838D0A
:106BC000948DF601948F838FFB01168217821086B5
:106BD00011861286138614861586F80182859385A0
:106BE000A485B58543895489658976898417950775
:106BF000A607B70708F0ADCF25E0B695A7959795FE
:106C000087952A95D1F7F82FFF70AF2EF80185816F
:106C1000823008F49ECFC8010E94481E97FD99CF8C
:106C2000F80182859385A485B5854F96A11DB11D78
:106C300082879387A487B587F0E2AF9EB0011124C5
:106C40006258774F6115710509F483CFFB0180818C
:106C5000882309F1853E19F4B11032C01EC04BE003
:106C600050E0C7010E94766B892B09F0B6CF6A2DE0
:106C7000C6012B960FB6F894DEBF0FBECDBFDF91D5
:106C8000CF911F910F91FF90EF90DF90CF90BF9029
:106C9000AF900C944633B1105CCFF601A28A80917C
:106CA000160290911702A0911802B09119028687DE
:106CB0009787A08BB18BFB018081882309F449CF92
:106CC000BB24B3948ACF0E94716BFB01019000201A
:106CD000E9F73197AF01461B570BDC01ED91FC91B1
:106CE0000280F381E02D199468E373E08BEF9EE05E
:106CF0000C946536CF93DF93BC018BEF9EE00E942E
:106D0000DF12EC010E9474368C0F9D1FDF91CF9132
:106D100008958F929F92AF92BF92EF92FF920F933E
:106D20001F93CF93DF93CDB7DEB7A1970FB6F8943B
:106D3000DEBF0FBECDBF7C01FA01CB0119A222300C
:106D400008F42AE08E010F5D1F4F822E912CB12C8A
:106D5000A12CBF01A50194010E949A68F901CA0102
:106D60006A300CF5605DD8016E938D01232B242BC6
:106D7000252B79F790E080E0109721F0BD01C70145
:106D80000E946536A1960FB6F894DEBF0FBECDBF48
:106D9000DF91CF911F910F91FF90EF90BF90AF9037
:106DA0009F908F900895695CDECFCF92DF92EF9233
:106DB000FF920F931F93CF93DF936B01770FEE0832
:106DC000FF08F7FE1BC0EC016DE20E94D8128C0197
:106DD00044275527BA014C195D096E097F092AE03D
:106DE000CE010E948936800F911FDF91CF911F91B4
:106DF0000F91FF90EF90DF90CF9008952AE0B701B8
:106E0000A601DF91CF911F910F91FF90EF90DF903E
:106E1000CF900C948936462F50E070E060E02AE075
:106E20000C9489368F929F92AF92BF92EF92FF920D
:106E30000F931F93CF93DF93EC0149015A01262F43
:106E400030E0A5EEB0E10E94EE689B01AC01280D98
:106E5000391D4A1D5B1DA4E6B0E00E94DB6829E7EE
:106E600034E540E050E00E949A6849015A0185E605
:106E700088169104A104B10428F094E6892E912C7F
:106E8000A12CB12C0E94A23381E090E090930210DB
:106E900080930110909300108093FF0F8093031054
:106EA000809304101092FC0F1092FB0F1092FE0FB3
:106EB0001092FD0F6DE974E08FEE9FE00E94DF12EB
:106EC0001092FC0F1092FB0F82E190E09093FE0F66
:106ED0008093FD0F6CE874E08FEE9FE00E94DF125C
:106EE0001092FC0F1092FB0F0EE110E01093FE0FBA
:106EF0000093FD0FBE018FEE9FE00E94DF1286E639
:106F000090E09093FC0F8093FB0F1093FE0F009383
:106F1000FD0F682D8FEE9FE00E940B3765E28FEE2C
:106F20009FE00E94D812EE24E394F12C0BE010E0D5
:106F300020E830E04DE250E070E060E08FEE9FE04E
:106F40000E9425252CE7289DC001299D900D112424
:106F500064E670E00E94306A9B01672B51F007E005
:106F600010E04FE250E062E070E08FEE9FE00E94A0
:106F70001926DF91CF911F910F91FF90EF90BF9055
:106F8000AF909F908F900C94F62A4F925F926F92E1
:106F90007F928F929F92AF92BF92CF92DF92EF92A9
:106FA000FF921F93CF93DF93EC01162F0E9485125F
:106FB0004B015C01212F30E0A5EEB0E10E94EE68AC
:106FC0002B013C010E9485126B017C01C818D90875
:106FD000EA08FB0826EEC21620E1D206E104F1041D
:106FE00030F085EEC82E80E1D82EE12CF12C809176
:106FF0004608882331F0A7019601612FCE010E9437
:107000001237C301B2016C0D7D1D8E1D9F1D0E94A4
:10701000EA2D68E270E080E090E00E9452120E9447
:107020008512681979098A099B09653E70418105B5
:10703000910540F2DF91CF911F91FF90EF90DF908B
:10704000CF90BF90AF909F908F907F906F905F9008
:107050004F900895AB0170E060E02AE00C9489360F
:107060008F929F92AF92BF92CF92DF92EF92FF9258
:10707000CF93DF936B017C0124EFC20E21E0D21E7F
:10708000E11CF11CC701B60120E63AEE40E050E0F9
:107090000E949A684901C701B60128EE33E040E03A
:1070A00050E00E949A68CA01B9012CE330E040E048
:1070B00050E00E949A686B01EB018AE08816910407
:1070C00028F460E38FEE9FE00E94D812B4018FEEA7
:1070D0009FE00E942A386AE38FEE9FE00E94D81258
:1070E0002A9728F460E38FEE9FE00E94D812B60141
:1070F0008FEE9FE0DF91CF91FF90EF90DF90CF90E8
:10710000BF90AF909F908F900C942A384F925F92CF
:107110006F927F928F929F92AF92BF92CF92DF92A7
:10712000EF92FF920F931F93CF936B017C01742E0C
:10713000AC019B010E94176A6BE373E0811126C0CA
:1071400046015701E894B7F82FEF3FEF4FE75FE7AD
:10715000C501B4010E94176A81110CC02FEF3FEFE7
:107160004FE75FE7C501B4010E9463676FE373E017
:10717000181664F02FEF3FEF4FE75FE4C701B60149
:107180000E94126A1816ACF463E473E08BEF9EE081
:10719000CF911F910F91FF90EF90DF90CF90BF9014
:1071A000AF909F908F907F906F905F904F900C94D6
:1071B00065362FEF3FEF4FE75FECC701B6010E9446
:1071C000636787FDE1CF20E030E0A901C701B60188
:1071D0000E94636710E000E087FF0AC06DE28BEF5A
:1071E0009EE00E94D8128C01F7FAF094F7F8F09420
:1071F000C0E060E070E080E09FE37C1641F020E0BA
:1072000030E040E251E40E946A69CF5FF6CFA70107
:1072100096010E94FE682B013C010E94E3694B012C
:107220005C012AE0BC01A4018BEF9EE00E9489363C
:107230007C01E00EF11ECC23B1F1C501B4010E9426
:1072400068679B01AC01C301B2010E94FD684B015C
:107250005C016EE28BEF9EE00E94D812E80EF91EF0
:10726000C15008F120E030E040E251E4C501B40132
:107270000E94C9672B013C010E94E3694B018BEF1F
:107280009EE00E942A38E80EF91EB40190E080E0EA
:107290000E9468679B01AC01C301B2010E94FD68B6
:1072A0004B015C01DDCFC701CF911F910F91FF9082
:1072B000EF90DF90CF90BF90AF909F908F907F9096
:1072C0006F905F904F9008956115710511F00C94C7
:1072D000653690E080E008951F93CF93DF930E947E
:1072E000A23381E090E0909302108093011090937C
:1072F00000108093FF0F809303108093041010926E
:10730000FC0F1092FB0F1092FE0F1092FD0F6DE715
:1073100074E08FEE9FE00E94DF121092FC0F10923B
:10732000FB0F82E190E09093FE0F8093FD0F67E7E3
:1073300074E08FEE9FE00E94DF1260914D0870E0D4
:107340006F5F7F4F8FEE9FE00E94D53663E774E05A
:107350008FEE9FE00E94DF121092FC0F1092FB0F45
:1073600080E290E09093FE0F8093FD0F60914D08B6
:10737000623108F06AC061506131C8F4E62FF0E074
:107380008827EA53F64C8F4F0C94446AF239F5394A
:10739000F839FB39FE39013A043A073A0A3A0D3A0C
:1073A000103A133A163A193A1C3A1F3A223A67E64B
:1073B00074E08FEE9FE00E94DF121092FC0F10929B
:1073C000FB0F80E390E09093FE0F8093FD0F63E747
:1073D00073E08FEE9FE00E94DF12DF91CF911F914B
:1073E0000C94F62A6BE574E0E4CF61E574E0E1CF3C
:1073F00062E474E0DECF63E374E0DBCF66E274E066
:10740000D8CF6BE174E0D5CF60E174E0D2CF67E014
:1074100074E0CFCF6AEF73E0CCCF6DEE73E0C9CFED
:1074200062EE73E0C6CF64ED73E0C3CF66EC73E049
:10743000C0CF68EB73E0BDCF6CEA73E0BACF6DE903
:1074400073E0B7CF6FE873E0B4CFCEEEC60FDC2F9A
:10745000D695D695DF5F1C2F13701F5F6AE873E027
:107460008FEE9FE00E94DF12DA3028F460E38FEEA7
:107470009FE00E94D8126D2F8FEE9FE00E940B3785
:107480006FE58FEE9FE00E94D81260E38FEE9FE0E1
:107490000E94D812612F8FEE9FE00E940B376DE0A3
:1074A0006C9FF0011124EE55F54F83A9882309F450
:1074B00084CF1092FC0F1092FB0F88E290E0909323
:1074C000FE0F8093FD0FC69FB00111246B52754FC4
:1074D0008FEE9FE00E94643970CF4F925F926F925F
:1074E0007F928F929F92AF92BF92EF92FF920F93F3
:1074F0001F93CF93DF93E0914608EE2309F44FC228
:1075000029013A014B015C010E9485120091AD06F0
:107510001091AE062091AF063091B006601B710B42
:10752000820B930B683771058105910508F437C20A
:107530000E9485126093AD067093AE068093AF06ED
:107540009093B006809107028111F1C08091690883
:107550008111EDC0C301B2010E94C82FEC01AC0142
:10756000C301B2010E94342F20E030E040E05FE32D
:107570000E94FE680E94DC694B010E94A23381E0F8
:1075800090E09093021080930110909300108093EC
:10759000FF0F80930310809304101092FC0F109241
:1075A000FB0F1092FE0F1092FD0F64EE72E08FEE53
:1075B0009FE00E94DF121092FC0F1092FB0F82E1FD
:1075C00090E09093FE0F8093FD0F67E473E0C53069
:1075D000D10530F4CC0FDD1FCB55DD4F68817981AB
:1075E0008FEE9FE00E94643960E28FEE9FE00E9480
:1075F000D812B4018FEE9FE00E94D53665E28FEE7F
:107600009FE00E94D8121092FC0F1092FB0F8EE1A7
:1076100090E09093FE0F8093FD0F61EE72E08FEE8D
:107620009FE00E94DF126091A8068FEE9FE00E940B
:107630000B376CE28FEE9FE00E94D8126091A70694
:107640008FEE9FE00E940B376CE28FEE9FE00E946E
:10765000D8126091A6068FEE9FE00E940B37109221
:10766000FC0F1092FB0F89E290E09093FE0F809345
:10767000FD0F6EED72E08FEE9FE00E94DF126091D1
:10768000A5068FEE9FE00E940B376CE28FEE9FE025
:107690000E94D8126091A4068FEE9FE00E940B37E3
:1076A0006CE28FEE9FE00E94D8126091A3068FEEED
:1076B0009FE00E940B371092FC0F1092FB0F84E3A7
:1076C00090E09093FE0F8093FD0F6BED72E08FEED4
:1076D0009FE00E94DF126091A2068FEE9FE00E9461
:1076E0000B376CE28FEE9FE00E94D8126091A106EA
:1076F0008FEE9FE00E940B376CE28FEE9FE00E94BE
:10770000D8126091A0068FEE9FE00E940B37DF91A8
:10771000CF911F910F91FF90EF90BF90AF909F90EE
:107720008F907F906F905F904F900C94F62A80918D
:107730004708882389F00E9485120091A9061091BC
:10774000AA062091AB063091AC06601B710B820B30
:10775000930B97FF109247080E94A23381E090E0BC
:107760009093021080930110909300108093FF0F6C
:1077700080914708882309F479C092E09093031020
:107780009093041028E030E03093FC0F2093FB0F1F
:1077900022E130E03093FE0F2093FD0F8330A9F1FA
:1077A00030F5813079F165E673E0823031F181E0C6
:1077B000809303108093041088E090E09093FC0F76
:1077C0008093FB0F8AE290E09093FE0F8093FD0F71
:1077D000809147088530F9F4C501B4010E94303822
:1077E00067E473E08FEE9FE00E94DF1290CF843059
:1077F00079F060E573E08530D1F68FEE9FE00E946E
:10780000DF12D5CF6DE673E0F8CF6EE573E0F5CF0C
:1078100069E573E0F2CF8330D9F460E473E08FEE72
:107820009FE00E94DF12C301B2010E94C82F67E4EB
:1078300073E08530910538F4880F991FFC01EB55F2
:10784000FD4F608171818FEE9FE00E9464395FCFB0
:107850006BE273E0843031F2809107026BE073E0F9
:10786000882309F4BFCF67E173E0BCCFC301B20145
:107870000E94C82FEC01AC01C301B2010E94342F59
:1078800020E030E040E05FE30E94FE680E94DC6997
:107890002B0181E080930310809304101092FC0F61
:1078A0001092FB0F1092FE0F1092FD0F6FEF72E01F
:1078B0008FEE9FE00E94DF121092FC0F1092FB0FE0
:1078C00082E190E09093FE0F8093FD0F67E473E0F8
:1078D000C530D10530F4CC0FDD1FCB55DD4F6881AD
:1078E00079818FEE9FE00E9464398EE590E090935D
:1078F000FC0F8093FB0F82E190E09093FE0F80934A
:10790000FD0FB2018FEE9FE00E94D53665E28FEE4B
:107910009FE00E94D812EE24E394F12C0BE010E0DB
:1079200020E830E04FE150E070E060E08FEE9FE053
:107930000E9425252CE7249DC001259D900D112432
:1079400064E670E00E94306A9B011616170654F434
:1079500007E010E041E250E062E070E08FEE9FE06F
:107960000E9419261092FC0F1092FB0F82E390E008
:107970009093FE0F8093FD0F809107026AEE72E0F4
:10798000882311F061EF72E08FEE9FE00E94DF121A
:10799000C501B4010E94303866EF72E023CFDF9159
:1079A000CF911F910F91FF90EF90BF90AF909F905C
:1079B0008F907F906F905F904F9008959C01D901B8
:1079C0009C912F5F3F4F9032D1F39930C1F3FD016D
:1079D00001900020E9F73197AE17BF0758F4829164
:1079E000803231F097EF980F923010F08D3011F413
:1079F0001082F2CFCD010895CF92DF92EF92FF92E5
:107A00000F931F93CF93DF936C01D42F7B01C0E0C2
:107A10006CE270E0C6010E949D6B8C01009711F032
:107A2000FC011082CF5FC6010E94DE3CF70181930A
:107A300091937F010115110531F06801FFEFCF1A15
:107A4000DF0ADC13E5CF8C2FDF91CF911F910F91CF
:107A5000FF90EF90DF90CF900895EF92FF920F93F9
:107A60001F93CF93DF93EC017B018A011B821A8263
:107A700088EE93E0A0E0B0E08C839D83AE83BF836B
:107A80008EEC92E0998388838DE190E00E944C6AAD
:107A90009A8F898F009779F02DE1F701DC01019031
:107AA0000D922A95E1F74CE050E0B801CE010C961A
:107AB0000E94C76B188EDF91CF911F910F91FF909D
:107AC000EF9008952F923F924F925F926F927F9224
:107AD0008F929F92AF92BF92CF92DF92EF92FF92DE
:107AE0000F931F93CF93DF93CDB7DEB7C456D10961
:107AF0000FB6F894DEBF0FBECDBF6C014B0119A2CB
:107B000018A282EF92E09F8F8E8F1BA21C821B8295
:107B10009A8389831E825E018EE1A80EB11CC50185
:107B20000E94601C8401FE0131967F0135012F0106
:107B30006FE270E0C8010E949D6B009709F459C084
:107B4000F80120812F3269F40F5F1F4F9E2D8F2D7A
:107B50007301692E782E962D872D3701E92EF82E88
:107B6000E7CF801B8D3008F08CE0282E312CA1014E
:107B7000B801CE01885A9F4F0E94C76BE8E5F0E03C
:107B8000EC0FFD1FE20DF31D1082C7010E9439208A
:107B9000F70185818823F1F01EAE1DAE82EF92E0E1
:107BA0009CAF8BAF21961FAE219710E000E0080D2F
:107BB000191DF8018081811124C0BE01655C7F4FD1
:107BC000C2010E94371449E453E0B201C6010E9489
:107BD0002D3D35C0AE01485A5F4FB301C7010E9429
:107BE00082358823C9F2020D131DC3010E9439207A
:107BF000B2CF08191909B301CE01CB960E943714F0
:107C0000D6CF19A218A282EF92E09F8F8E8F1BA26F
:107C100021968FAD219781112DC0F601138212821A
:107C200088EE93E0A0E0B0E084839583A683B783D9
:107C30008EEC92E091838083128E118E1486C601A1
:107C4000CC59DF4F0FB6F894DEBF0FBECDBFDF912A
:107C5000CF911F910F91FF90EF90DF90CF90BF9049
:107C6000AF909F908F907F906F905F904F903F90DC
:107C70002F900895A801BE01655C7F4FC5010E9449
:107C80008235882351F2CE01CB960E943920B5016E
:107C9000C2010E943714A80198CF85ED8093BC00E3
:107CA0008091F9069091FA06A091FB06B091FC062E
:107CB0000796A11DB11D23E0B695A79597958795C9
:107CC0002A95D1F72091BC0024FD03C010924207F1
:107CD00008954091F9065091FA066091FB06709163
:107CE000FC06452B462B472B69F30097A105B105F0
:107CF00041F02AE22A95F1F700C00197A109B109E4
:107D0000E1CF8091F8060C945228EF92FF920F93E6
:107D10001F93CF93DF93EC017B0189859A850E94A5
:107D2000E86A9E858B85981701F184E090E08E9D2E
:107D300080018F9D100D9E9D100D11241D830C83BD
:107D4000C8010E944C6A9A878987009789F0A80128
:107D500070E060E00E94836BFB82EA82DF91CF914A
:107D60001F910F91FF90EF90089583E090E0DFCF97
:107D70001D821C821B821A82F1CF2F923F924F925A
:107D80005F926F927F928F929F92AF92BF92CF92AB
:107D9000DF92EF92FF920F931F93CF93DF9300D068
:107DA00000D000D0CDB7DEB76B017C010E948512F8
:107DB0000091B4061091B5062091B6063091B70631
:107DC0004B015C01801A910AA20AB30A89829A8245
:107DD000AB82BC82A50194012431310541055105D6
:107DE00008F4FCC16093B4067093B5068093B606A0
:107DF0009093B7061091DD0E3091DC0E832E912CFE
:107E00009E828D82C4010E94012F4B015C018D81F5
:107E10009E810E94CF2EA50194010E94FD682B0136
:107E20003C01612F70E090E080E00E946A679B0156
:107E3000AC01C301B2010E94C96720E030E048EC08
:107E400052E40E946A69A50194010E94FE684B01F8
:107E50005C011091DF0E2091DE0E422F50E05E8318
:107E60004D83CA010E94012F2B013C018D819E810F
:107E70000E94CF2EA30192010E94FD686D837E8334
:107E80008F839887612F70E090E080E00E946A679E
:107E90009B01AC016D817E818F8198850E94C967AD
:107EA00020E030E048EC52E40E946A69A3019201AC
:107EB0000E94FE682B013C01A50194010E946367AA
:107EC000882309F485C0A5019401C301B2010E9471
:107ED000126AA501940118160CF065C0C701B6011D
:107EE0000E94126A87FD74C0A3019201C701B60106
:107EF0000E94636700E010E087FF6CC080E889871C
:107F00009FE39D83E090E10EF090E20E812C912C96
:107F100060E8A62E6FE3B62EE114F104F1F069815A
:107F20007A818B819C81693C71058105910520F0E6
:107F300068EC70E080E090E00E9468674B015C01B3
:107F4000B70190E080E00E9468679B01AC01C50129
:107F5000B4010E946A694B015C01C0904208D09054
:107F60004308E0904408F0904508980149855D81F8
:107F7000C701B6010E94636787FF36C0A50194015F
:107F8000C701B6010E94FE686B017C019B01AC0138
:107F9000B80189859D810E94636787FD40C0860185
:107FA000E986FD823CC0C701B6010E94126A87FFC4
:107FB00014C0A3019201C701B6010E94636700E0EB
:107FC00010E087FF07C0A0E8A987BFE3BD839ACF71
:107FD00000E010E019861D8295CF00E010E0E0E897
:107FE000E987FFE3FD838ECF980149855D81C70155
:107FF000B6010E94126A1816ECF4A5019401C7019B
:10800000B6010E94FD686B017C019B01AC01B801C7
:1080100089859D810E94126A18160CF0C0CFC80194
:10802000A985BD818093420890934308A09344089A
:10803000B09345081E821D8236E0832E912CA12C20
:10804000B12C43E0242E312C54E6452E512C612CCA
:10805000712C8091D70E9091D80E2D813E812817DA
:10806000390708F09FC08091E00E6FEF8823B9F1C7
:108070000E945E64A50194010E94BC680D811E816E
:108080000C58184F672B682B692BD9F42091E00E00
:1080900030E0AFEFB0E00E94EE68A30192010E94D1
:1080A000BC6869017A018FEFC81AD80AE80AF80A91
:1080B0000E945E64A70196010E94BC686095D80189
:1080C0006C93ED81FE81E852F84F2081D8018C91AC
:1080D000821B990BB1010E94306A620F608370E0CD
:1080E00090E080E00E946A67209142083091430846
:1080F00040914408509145080E94C96720E030E053
:108100004FE753E40E946A696B017C016091D90ECC
:1081100070E090E080E00E946A67A70196010E94EB
:10812000C9670E94E369862F90E0B0E0A0E0AC014F
:108130003327222729833A834B835C836091DA0EAD
:1081400070E090E080E00E946A67A70196010E94BB
:10815000C9670E94E36989819A81AB81BC81962BB2
:1081600089839A83AB83BC836091DB0E70E090E0DF
:1081700080E00E946A67A70196010E94C9670E9479
:10818000E36929813A814B815C81262B6D817E8157
:108190008FE290E10E94962CAD81BE811196BE8344
:1081A000AD8357CF8FE290E129960FB6F894DEBFEA
:1081B0000FBECDBFDF91CF911F910F91FF90EF9038
:1081C000DF90CF90BF90AF909F908F907F906F90F7
:1081D0005F904F903F902F900C94022D29960FB6F0
:1081E000F894DEBF0FBECDBFDF91CF911F910F91ED
:1081F000FF90EF90DF90CF90BF90AF909F908F90C7
:108200007F906F905F904F903F902F9008952F92A6
:108210003F924F925F926F927F928F929F92AF9216
:10822000BF92CF92DF92EF92FF920F931F93CF9363
:10823000DF93CDB7DEB7C456D1090FB6F894DEBFD1
:108240000FBECDBF88ED882E85E0982E94E7292EAD
:1082500095E0392E2CE3A22E26E0B22E10E000E0AD
:108260008091CA0E9091CB0E0817190788F5C0901F
:10827000CE0ED12C2FEFC21AD20A0D2C000CEE0814
:10828000FF084090CD0E512C712C612C4C145D04D4
:108290006E047F048CF4C418D508E608F70841F092
:1082A0000E945E64A70196010E94BC686B017C017C
:1082B0004C0C5D1C6E1C7F1CD4014D924D01F501D0
:1082C00001935F01D1011D921D010F5F1F4FC8CFA8
:1082D0006C01B1E0CB1AD1080D2C000CEE08FF08A0
:1082E000EFEFCE1ADE0AEE0AFE0A8C01045C194F8B
:1082F00001501109C8018C5396401816190664F0F4
:108300000091CC0ECE0101965C01FC0180E00817C3
:10831000B9F081938F5FFBCF0E945E64A701960145
:108320000E94BC68D8012C91FB01E45CF94F80816C
:108330008C932083B1E0CB1AD108E108F108D8CFA3
:1083400010E06801E1E0CE1AD1080D2C000CEE0817
:10835000FF08FFEFCF1ADF0AEF0AFF0A0A0D1B1D05
:1083600001501109C8018A199B091816190694F0C1
:108370009091CC0ED50181E02A2F2A192917F0F40B
:10838000ED91F0E0E45CF94FE081F0E0EC58FA4F59
:108390008083F2CF0E945E64A70196010E94BC68B0
:1083A000D8012C91F501E60FF71F80818C93208373
:1083B000B1E0CB1AD108E108F108D2CF81E0809377
:1083C000B106CC59DF4F0FB6F894DEBF0FBECDBF5C
:1083D000DF91CF911F910F91FF90EF90DF90CF90A1
:1083E000BF90AF909F908F907F906F905F904F90D5
:1083F0003F902F9008952F923F924F925F926F92ED
:108400007F928F929F92AF92BF92CF92DF92EF9224
:10841000FF920F931F93CF93DF9300D01F921F9271
:10842000CDB7DEB76B017C010E94C82F5C0182E0F2
:10843000A816B10441F48091B2069091B306029758
:1084400011F00E940741B092B306A092B206B701A4
:10845000A60180E00E94B50C6C837D83182FB701C4
:10846000A60181E00E94B50C1B01082FB701A601EF
:1084700082E00E94B50C69837A838B8383E0A8161F
:10848000B10409F488C084E0A816B10409F4BFC09F
:1084900082E0A816B10409F053C14090BC0A509084
:1084A000BD0A6090BE0A7090BF0A8090B80A909092
:1084B000B90AA090BA0AB090BB0AA5019401C30101
:1084C000B2010E94636718160CF04FC0A501940119
:1084D000C701B6010E94FD686B017C01A5019401F2
:1084E000C301B2010E94FD689B01AC01C701B60146
:1084F0000E946A696B017C0120E030E0A9010E94C2
:10850000636787FD32C020E030E040E85FE3C701E9
:10851000B6010E94126A181664F1B090CF0E20E0E6
:1085200030E0A901C701B6010E94636787FD28C03A
:1085300020E030E040E85FE3C701B6010E94126A24
:10854000181614F16B2D70E090E080E00E946867CF
:10855000A70196010E94C96720E030E0A9010E94AE
:10856000FE680E94E369F62E18C0C12CD12C76015A
:10857000D4CFC12CD12C30E8E32E3FE3F32ECDCF66
:10858000C12CD12C7601DECFC12CD12C20E8E22EDB
:108590002FE3F22ED7CFF090CF0E412F6D818C813B
:1085A0000E949232402F632D822D0E9469324B81AE
:1085B0006A8189810E9440328091B106811102C096
:1085C0000E9407416F2D70E090E080E00E946A6792
:1085D00020E030E04FE753E40E946A690F900F906B
:1085E0000F900F900F90DF91CF911F910F91FF90FF
:1085F000EF90DF90CF90BF90AF909F908F907F9043
:108600006F905F904F903F902F900C94CB33809061
:10861000C00A9090C10AA090C20AB090C30A20E09C
:1086200030E048EC52E4C501B4010E94126A87FFB1
:1086300071C0A5019401C701B6010E94FD686B01DC
:108640007C01A501940160E070E088EC92E40E9456
:10865000FD689B01AC01C701B6010E946A696B010C
:108660007C0120E030E0A9010E94636787FD52C0D1
:1086700020E030E040E85FE3C701B6010E94126AE3
:1086800018160CF44BC0A7019601C701B6010E9451
:10869000FE689B01AC0160E070E080E490E40E9421
:1086A000FD684B015C01A7019601C701B6010E945C
:1086B000C9679B01AC01C501B4010E94C9676B0188
:1086C0007C01B090CF0E20E030E0A9010E946367EA
:1086D00087FD2BC020E030E040E85FE3C701B60132
:1086E0000E94126A18162CF16B2D70E090E080E069
:1086F0000E946A674B015C01AC019B0160E070E085
:10870000CB010E94FD68A70196010E94C967A501DF
:10871000940125CFC12CD12C7601B5CFC12CD12C01
:1087200090E8E92E9FE3F92EAECFC12CD12C760133
:10873000DBCFC12CD12C80E8E82E8FE3F82ED4CFEC
:10874000F12C2BCF40E060E080E00E94923240E0CC
:1087500060E080E00E94693240E060E080E00E94DA
:1087600040328091B106811102C00E94074160E051
:1087700070E0CB010E94CB338FE290E10E94C233C4
:108780008FE290E10C94022D4F925F926F927F9254
:108790008F929F92AF92BF92CF92DF92EF92FF9211
:1087A0000F931F93CF93DF9300D000D0CDB7DEB7E8
:1087B0005C014B0129013A01EB82FC820D831E838F
:1087C000BE016F5F7F4F0E94B6646B017C01E9813F
:1087D000FA818081803211F0893021F43196FA8358
:1087E000E983F5CFEA15FB0589F181112FC0A301BB
:1087F0009201C701B6010E94636787FD27C02B81E4
:108800003C814D815E81C701B6010E94126A181633
:10881000ECF0F401C082D182E282F38281E02696FC
:108820000FB6F894DEBF0FBECDBFDF91CF911F9181
:108830000F91FF90EF90DF90CF90BF90AF909F90FF
:108840008F907F906F905F904F90089580E0E7CF7A
:108850002F923F924F925F926F927F928F929F9250
:10886000AF92BF92CF92DF92EF92FF920F931F933E
:10887000CF93DF931F921F92CDB7DEB76C011B0120
:1088800029013A01470158014AE050E0BE016F5FFB
:108890007F4F0E941466E981FA812081203211F015
:1088A000293021F43196FA83E983F5CFEC15FD05E3
:1088B00039F1211125C0641575058605970504F168
:1088C00086169706A806B906DCF0F101608371836D
:1088D0008283938381E00F900F90DF91CF911F915E
:1088E0000F91FF90EF90DF90CF90BF90AF909F904F
:1088F0008F907F906F905F904F903F902F90089552
:1089000080E0E9CFAF92BF92CF92DF92EF92FF92D9
:108910000F931F93CF93DF9300D01F92CDB7DEB795
:108920005C01FB0101900020E9F731976F01C61A45
:10893000D70AA6010E94AF6B892B81F08FEF0F90B1
:108940000F900F900F90DF91CF911F910F91FF909B
:10895000EF90DF90CF90BF90AF90089510E1E12E9F
:10896000F12C00E010E021E030E040E050E0BE01FA
:108970006F5F7F4FC5018C0D9D1D0E942844882389
:10898000E9F289818150DBCF0E948A6B21E0892B3B
:1089900009F020E0822F0895CF92DF92EF92FF92AC
:1089A0000F931F93CF937C016B0105EA12E0C0E0A7
:1089B000F801619171918F01C7010E94C44488231D
:1089C00051F0F601C083CF911F910F91FF90EF906E
:1089D000DF90CF900895CF5FC53051F7F4CF4F921D
:1089E0005F926F927F92AF92BF92CF92DF92EF929F
:1089F000FF920F931F93CF93DF93CDB7DEB7A79767
:108A00000FB6F894DEBF0FBECDBFC82ECB018A01D2
:108A10006BE473E00E94C444E82E882369F047E0C9
:108A2000BE016F5F7F4FC8010E94FC3CD82E8BEFC8
:108A30008D0D8230B8F0E12C8E2DA7960FB6F894EC
:108A4000DEBF0FBECDBFDF91CF911F910F91FF9081
:108A5000EF90DF90CF90BF90AF907F906F905F903E
:108A60004F900895BE01615F7F4F89E0FB01119235
:108A70008A95E9F789819A810E94CC448823D9F2AA
:108A8000E12CF12C08EC12E420E030E0A901BE0159
:108A90006C5D7F4F8B819C810E94C443882359F277
:108AA000E12CF12C8701EA9420E030E0A901BE011D
:108AB000605E7F4F8D819E810E942844882309F447
:108AC000BACF20E030E0A901BE01645E7F4F8F8104
:108AD00098850E942844882309F4ADCF20E030E037
:108AE000A901BE01685E7F4F89859A850E9428444E
:108AF000E82E882309F49FCF4CA05DA06EA07FA034
:108B0000498A5A8A6B8A7C8A888D9C8D28A12D8BF4
:108B10009E8B8F8B188AF6E0DF1213C00B851C85A5
:108B200061E573E0C8010E94C44481110AC069E58F
:108B300073E0C8010E94C444882309F47CCF81E01B
:108B4000888BD12C86010E55154FF801EA5AFB4F40
:108B50008081811106C0D801A05EBB4F1C9281E0CC
:108B60008083F801E05EFB4FF08083E18F1508F40D
:108B700062CFAF2CB12CFF2051F1A501415051091A
:108B80009F8589E0849F9001859F300D112484EB9F
:108B90008C9DA0018D9D500D1124240F351F2E5545
:108BA000354FF901EC5FFD4F8081981708F443CFF2
:108BB00098130DC02A5F3D4FF90120813181428118
:108BC0005381C301B2010E94636787FD34CFF8016E
:108BD000E05EFB4FF394F08289E08A9DD0018B9D8B
:108BE000B00D112494EB9C9D90019D9D300D11249E
:108BF000A20FB31FAA55B34FFE013F9601900D92ED
:108C00008A95E1F719CF4F925F926F927F928F9280
:108C10009F92AF92BF92CF92DF92EF92FF920F930B
:108C20001F93CF93DF93CDB7DEB7CE5BD1090FB6DD
:108C3000F894DEBF0FBECDBF69E873E0CE018F5759
:108C40009F4F0E94623DC656DF4FE881F981CA59A5
:108C5000D040309721F0858181110C943F4E65E919
:108C600073E0CE0101960E94623D8B819C81CD57BD
:108C7000DF4F99838883C358D0408D819E81AF8117
:108C8000B885CB57DF4F88839983AA83BB83C558A8
:108C9000D04089859A85AB85BC85C757DF4F8883CF
:108CA0009983AA83BB83C958D040DE011D96E1E8B1
:108CB000F0E0EC0FFD1F3C9681E890E08C0F9D1FCB
:108CC00049962D912193E817F907D9F7EA8DFB8D85
:108CD000C656DF4FF983E883CA59D040309769F010
:108CE0008581882309F4CBC785E993E0909302023C
:108CF000809301028581811121C082E08093F00E72
:108D000084EC9FE00E9439208091F00EC254DF4F26
:108D10000FB6F894DEBF0FBECDBFDF91CF911F918C
:108D20000F91FF90EF90DF90CF90BF90AF909F900A
:108D30008F907F906F905F904F900895FE01E45662
:108D4000FF4F119211928EE0DF011D928A95E9F793
:108D500000E010E0912C812CBAE05B2E8DE0482ED3
:108D6000CE018F579F4F0E94671F3C0197FD17C090
:108D70008A30910509F06CC7EFEF8E1A9E0AE1E088
:108D8000F0E0EC0FFD1FE10FF11D1082002309F44C
:108D9000EAC0C4010E94F40B72C101E0E1CF1111DD
:108DA000EBCF0111E9CFC656DF4F88819981CA59AF
:108DB000D040009781F00E943920C656DF4F88814D
:108DC0009981CA59D0400E94E86AC656DF4F19827D
:108DD0001882CA59D04084EC9FE00E94392040900C
:108DE000B80A5090B90A6090BA0A7090BB0AA30101
:108DF00092016091B40A7091B50A8091B60A90917F
:108E0000B70A0E94636787FF1EC08090BC0A9090DB
:108E1000BD0AA090BE0AB090BF0AA5019401C3018B
:108E2000B2010E94636787FF0EC02091C00A309193
:108E3000C10A4091C20A5091C30AC501B4010E94FF
:108E4000636787FD34C080E090E0A0E2B2E48093E5
:108E5000B40A9093B50AA093B60AB093B70A80E01B
:108E600090E0A8E4B2E48093B80A9093B90AA09382
:108E7000BA0AB093BB0A80E090E0ACE5B2E480931C
:108E8000BC0A9093BD0AA093BE0AB093BF0A80E0CB
:108E900090E0AAEAB2E48093C00A9093C10AA0933A
:108EA000C20AB093C30A8FEF9FEF0E94F40B809128
:108EB000B00A9091B10A2091AE0A3091AF0A821B9C
:108EC000930B4E9774F41092AF0A1092AE0A8FEF84
:108ED00093E09093B10A8093B00A8FEF9FEF0E94C6
:108EE000F40B9091CD0E8091CE0E891750F486E14F
:108EF0008093CD0E8BE48093CE0E8FEF9FEF0E9478
:108F0000F40B2091D00E3091D10E8091D20E909121
:108F1000D30E8217930780F480E099E19093D10EED
:108F20008093D00E88EA9FE29093D30E8093D20E66
:108F30008FEF9FEF0E94F40B8091CA0E9091CB0EA1
:108F40002091CC0E2817190619F010F08093CC0E42
:108F50008091F30E9091F40E892B09F085C683E081
:108F60008093F00ED3CE9092F20E8092F10EFE011D
:108F70003196DF018191882329F08B3311F0833200
:108F8000C1F71C92CE0101960E94DE3C5C01DC011F
:108F90008C91882309F473C08B3509F075C06DE599
:108FA00070E0C5010E949D6B009721F0FC012181BA
:108FB000222349F0C4010E94F40BC456DF4F1882EB
:108FC000CC59D0405CC01082C50101960E94DE3CA5
:108FD0006C01FC0101900020E9F73197E81BF90BC7
:108FE000709740F7BC01CE0184569F4F0E94A86B3A
:108FF00061EA73E0C6010E94C444811140C067EA7F
:1090000073E0C6010E94C444811139C06CEA73E068
:10901000C6010E94C444811132C061EB73E0C601F5
:109020000E94C44481112BC068EB73E0C6010E940A
:10903000C444811124C06EEB73E0C6010E94C44495
:1090400081111DC067EC73E0C6010E94C444811108
:1090500016C06CEC73E0C6010E94C44481110FC0BD
:1090600063ED73E0C6010E94C444811108C06BED3A
:1090700073E0C6010E94C444882309F49BCF77FCA7
:1090800092CE00E010E06CCE6DE370E0C5010E946E
:109090009D6B009709F47DCEC456DF4F2881CC59D3
:1090A000D040222309F475CEFC0111926F01C50155
:1090B0000E94DE3C5C01C6010E94DE3C6C0161EA5C
:1090C00073E0CE0184569F4F0E94C444882309F464
:1090D000B1C063EE73E0C5010E94C44481110EC0AB
:1090E0006BEE73E0C5010E94C444811107C063EFB9
:1090F00073E0C5010E94C444882369F110E8E12EA1
:1091000011E5F12E01E010E02AE030E040E050E00F
:10911000BE0164557F4FC6010E942844882309F48C
:1091200038CED5011696EC91B4E0EB02F001112493
:10913000E252F64FC455DF4F288139814A815B8165
:10914000CC5AD040A8EEB3E00E94DB686083718304
:109150008283938394CF6BEF73E0C5010E94C44474
:109160008823E9F0EE24EA9413E0F12E00E010E009
:1091700020E030E0A901BE0164557F4FC6010E9486
:109180002844882309F405CEC455DF4F888199818E
:10919000CC5AD0409093AF0A8093AE0A70CF63E070
:1091A00074E0C5010E94C4448823E9F0EE24EA94E7
:1091B00013E0F12E00E010E020E030E0A901BE0154
:1091C00064557F4FC6010E942844882309F4E1CDED
:1091D000C455DF4F88819981CC5AD0409093B10A11
:1091E0008093B00A4CCF6BE074E0C5010E94C44488
:1091F00062EB7AE081118CC269E174E0C5010E94E2
:10920000C444882309F4C5CD62E274E0C6010E941B
:10921000C444882319F01092B30A31CF69E274E094
:10922000C6010E94C444882309F4B3CD81E0809331
:10923000B30A25CF67EA73E0CE0184569F4F0E94A0
:10924000C444882359F161E774E0C5010E94C44415
:1092500081110CC56FE274E0C5010E94C444811104
:1092600008C56DEB74E0C5010E94C444811104C5BA
:109270006EE774E0C5010E94C44460EC7AE0882384
:1092800009F487CDE12CF12C06EC12E420E030E06B
:1092900040E85FE3C6010E94C4434CC26CEA73E03D
:1092A000CE0184569F4F0E94C444882309F4B3C161
:1092B0006AE374E0C5010E94C4448823B1F061E40C
:1092C00074E0C6010E94C444882319F01092C40AB5
:1092D000D6CE66E474E0C6010E94C444882309F433
:1092E00058CD81E08093C40ACACE6CE474E0C50115
:1092F0000E948244182F87FD20C0F60180818823B8
:1093000009F447CD01900020E9F73197EC19FD09E8
:109310003D9708F03ECD6CE270E0C6010E949D6B67
:10932000892B09F036CDF42D1F02C0011124B6019E
:109330008B52954F0E94A86BA2CE61E574E0C501E7
:109340000E948244182F87FD3AC067E574E0C60189
:109350000E94C444882339F0E12F110FFF0BEE5512
:10936000F54F13A28CCE64E673E0C6010E94C4449C
:10937000811107C06CE673E0C6010E94C4448823D3
:1093800041F0E12F110FFF0BEE55F54F81E083A364
:1093900076CE68E773E0C6010E94C444811108C01C
:1093A00062E873E0C6010E94C444882309F4F1CC4A
:1093B000E12F110FFF0BEE55F54F82E0E8CF6CE582
:1093C00074E0C5010E94C444882309F4E2CC45E05E
:1093D000BE0164557F4FC6010E94FC3C843009F0F9
:1093E000D8CCBE0166547F4FC455DF4F8881998128
:1093F000CC5AD0400E94CC44882309F4CACCC25530
:10940000DF4FC880D980CE5AD04010E1E12EF12C38
:1094100000E010E021E030E040E050E0BE016A549E
:109420007F4FC6010E942844882309F468C0CA54AB
:10943000DF4F8881C65BD0408150C554DF4F8883A1
:10944000CB5BD040BE0162547F4FC055DF4F888157
:109450009981C05BD0400E948E63882309F499CC27
:1094600014E6E12EF12C00E010E020E030E0A9014C
:10947000BE016A547F4FCE54DF4F88819981C25B11
:10948000D0400E942844882309F483CCC254DF4F83
:109490008881CE5BD040C454DF4F8883CC5BD04002
:1094A000CA54DF4F8881C65BD040C354DF4F8883E6
:1094B000CD5BD0408091F70E811105C01092A50CB4
:1094C00081E08093F70EE091A50CE03408F061CCC8
:1094D00081E08E0F8093A50C24E0E29FF00111241F
:1094E000EB55F44FC654DF4F88819981AA81BB8127
:1094F000CA5BD04080839183A283B383C0CDD60161
:109500008C918F7D873409F06AC0F60101900020AC
:10951000E9F7CF010A978C159D0509F060C01196F7
:109520008C9111978F7D823509F059C012968C91DC
:1095300012978F7D803509F052C013968C91139746
:109540008F3509F04CC016968C9116978F3509F01F
:1095500046C01496AC910A2E000CBB0BD097AA30D3
:10956000B105E8F5F6018581082E000C990B8C01F8
:10957000005311090A30110590F56781062E000C81
:10958000770B605371096A30710548F52085022E0A
:10959000000C330BA901405351094A305105F8F42E
:1095A0005A9EC0015B9E900D1124800F911F569E04
:1095B0009001579E300D1124240F351F01978430E0
:1095C000910508F0E6CBA9014150510944305105FD
:1095D00008F0DFCB880F880F2150820F2ECF65ED6A
:1095E000A62E6AE0B62E10E0D5018C91882331F0CA
:1095F000B501C6010E94C444811107C01F5FBDE0D0
:10960000AB0EB11C103181F7C4CBC554DF4F1883AA
:10961000CB5BD04017CF61EB73E0CE0184569F4FF8
:109620000E94C444882309F477C063E674E0C5014E
:109630000E94C4448823C9F014E6E12EF12C00E016
:1096400010E020E030E0A901BE0164557F4FC60163
:109650000E942844882309F49CCBC455DF4F88819D
:10966000CC5AD0408093C50E0ACD6DE674E0C5019A
:109670000E94C4448823C9F014E6E12EF12C00E0D6
:1096800010E020E030E0A901BE0164557F4FC60123
:109690000E942844882309F47CCBC455DF4F88817D
:1096A000CC5AD0408093C60EEACC6AE774E0C5017C
:1096B0000E94C4448823C9F014E6E12EF12C00E096
:1096C00010E020E030E0A901BE0164557F4FC601E3
:1096D0000E942844882309F45CCBC455DF4F88815D
:1096E000CC5AD0408093C70ECACC63E874E0C50161
:1096F0000E94C44468EC7EE081110AC069E874E00D
:10970000C5010E94C44469EC7EE0882309F441CB82
:10971000C6010E948E630EC068EB73E0CE018456D2
:109720009F4F0E94C444882341F0A601B50180E008
:109730000E94EF448111A3CC2CCB6EEB73E0CE01E1
:1097400084569F4F0E94C444882321F0A601B5018E
:1097500081E0EECF67EC73E0CE0184569F4F0E940C
:10976000C444882321F0A601B50182E0E1CF6CEC6E
:1097700073E0CE0184569F4F0E94C444882309F4AD
:1097800021C167E974E0C5010E94C4448823E1F067
:1097900014E6E12EF12C00E010E020E030E0A90119
:1097A000BE0164557F4FC6010E942844882309F4F6
:1097B000F0CAC455DF4F88819981CC5AD04090932C
:1097C000CB0E8093CA0E5BCC6EE974E0C5010E949B
:1097D000C4448823C9F014E6E12EF12C00E010E027
:1097E00020E030E0A901BE0164557F4FC6010E9410
:1097F0002844882309F4CDCAC455DF4F8881CC5A48
:10980000D0408093CC0E3BCC65EA74E0C5010E9449
:10981000C4448823C1F0E12CF12C8701EA9420E0B4
:1098200030E0A901BE0164557F4FC6010E94284463
:10983000882309F4AECAC455DF4F8881CC5AD04082
:109840008093CD0E1CCC6DEA74E0C5010E94C44427
:109850008823C1F0E12CF12C8701EA9420E030E06C
:10986000A901BE0164557F4FC6010E942844882388
:1098700009F48FCAC455DF4F8881CC5AD0408093F9
:10988000CE0EFDCB65EB74E0C5010E94C444882375
:10989000C1F0E12CF12C8701EA9420E030E0A9012D
:1098A000BE0164557F4FC6010E942844882309F4F5
:1098B00070CAC455DF4F8881CC5AD0408093CF0EF8
:1098C000DECB63EC74E0C5010E94C4448823F1F050
:1098D00010E6E12E1AEEF12E00E010E024EF31E068
:1098E00040E050E0BE0164557F4FC6010E9428440D
:1098F000882309F44ECAC455DF4F88819981CC5A18
:10990000D0409093D10E8093D00EB9CB62ED74E02D
:10991000C5010E94C4448823F1F010E6E12E1AEE3E
:10992000F12E00E010E024EF31E040E050E0BE0115
:1099300064557F4FC6010E942844882309F429CA30
:10994000C455DF4F88819981CC5AD0409093D30E73
:109950008093D20E94CB61EE74E0C5010E94C444A2
:10996000882309F416CABE0164557F4FC6010E94C0
:10997000E762882309F40DCAC455DF4F8881CC5AA9
:10998000D040853608F005CAC355DF4F8881CD5ACF
:10999000D040853608F0FDC9C255DF4F8881CE5AC8
:1099A000D040853608F0F5C9C455DF4F88819981CC
:1099B000AA81CC5AD0408093D40E9093D50EA09318
:1099C000D60E5DCB63ED73E0CE0184569F4F0E94AF
:1099D000C444882309F48FC067E974E0C5010E947C
:1099E000C4448823E1F014E6E12EF12C00E010E0FD
:1099F00020E030E0A901BE0164557F4FC6010E94FE
:109A00002844882309F4C5C9C455DF4F888199814A
:109A1000CC5AD0409093D80E8093D70E30CB61EEC5
:109A200074E0C5010E94C444882331F069ED7EE0F2
:109A3000C6010E94E7627ECE68EE74E0C5010E9416
:109A4000C4444DED5EE06CED7EE081110BC060EF33
:109A500074E0C5010E94C444882341F04FED5EE0EC
:109A60006EED7EE0C6010E94406364CE67EF74E055
:109A7000C5010E94C4448823C9F014E6E12EF12CEC
:109A800000E010E020E030E0A901BE0164557F4F06
:109A9000C6010E942844882309F47BC9C455DF4FBE
:109AA0008881CC5AD0408093E00EE9CA6DEF74E013
:109AB000C5010E94C444882309F46BC910E6E12E55
:109AC0001AEEF12E00E010E020E030E0A901BE0126
:109AD00064557F4FC6010E942844882309F459C960
:109AE000C455DF4F88819981CC5AD0409093E20EC3
:109AF0008093E10EC4CA6BED73E0CE0184569F4F94
:109B00000E94C444882309F444C96CE075E0C5018F
:109B10000E94C44463EE7EE08111FACD63E175E0FA
:109B2000C5010E94C44464EE7EE08111F1CD61E282
:109B300075E0C5010E94C44465EE7EE08111E8CD68
:109B400060E375E0C5010E94C444882319F067EE04
:109B50007EE0DECD69E375E0C5010E94C44466EE97
:109B60007EE08111D5CD6EE375E0C5010E94C4444D
:109B70008823F1F010E4E12E1FE1F12E00E010E067
:109B800024E630E040E050E0BE0164557F4FC6015E
:109B90000E942844882309F4FCC8C455DF4F8881FB
:109BA0009981CC5AD0409093E90E8093E80E67CA11
:109BB00066E475E0C5010E94C4448823F1F010ED0D
:109BC000E12E17E0F12E00E010E02AE030E040E066
:109BD00050E0BE0164557F4FC6010E94284488238F
:109BE00009F4D7C8C455DF4F88819981CC5AD04039
:109BF0009093EB0E8093EA0E42CA6EE475E0C501C5
:109C00000E94C444882309F4C4C810E8E12E1EEE63
:109C1000F12E06E310E020E030E0A901BE0164551A
:109C20007F4FC6010E942844882309F4B2C8C45556
:109C3000DF4F88819981AA81BB81CC5AD040809323
:109C4000EC0E9093ED0EA093EE0EB093EF0E17CAAC
:109C50001F3708F0A2C8E1E0F0E0EC0FFD1FE10FB4
:109C6000F11D80831F5F7CC884E07AC964EB7AE0D1
:109C700009CB68EB7AE006CB6CEB7AE003CBC656F7
:109C8000DF4FE881F981CA59D04034C81F920F9242
:109C90000FB60F9211242F933F938F939F93AF93FF
:109CA000BF938091730890917408A0917508B0914A
:109CB00076083091720823E0230F2D3758F501966E
:109CC000A11DB11D209372088093730890937408AE
:109CD000A0937508B09376088091770890917808E2
:109CE000A0917908B0917A080196A11DB11D8093C9
:109CF000770890937808A0937908B0937A08BF9179
:109D0000AF919F918F913F912F910F900FBE0F9028
:109D10001F90189526E8230F0296A11DB11DD2CFE2
:109D20001F920F920FB60F9211240BB60F922F9322
:109D30003F934F935F936F937F938F939F93AF93D3
:109D4000BF93EF93FF938091960A9091970AA09109
:109D5000980AB091990A892B8A2B8B2BE1F190916B
:109D6000850AE091860AF091870A8081892780839D
:109D70008091960A9091970AA091980AB091990AB9
:109D8000181619061A061B069CF48091960A9091E3
:109D9000970AA091980AB091990A0197A109B1096F
:109DA0008093960A9093970AA093980AB093990A81
:109DB000FF91EF91BF91AF919F918F917F916F91A3
:109DC0005F914F913F912F910F900BBE0F900FBE5F
:109DD0000F901F90189580911A020E949312E8CF5D
:109DE0001F920F920FB60F9211240BB60F922F9362
:109DF0003F934F935F936F937F938F939F93AF9313
:109E0000BF93EF93FF938BEF9EE00E947713FF9138
:109E1000EF91BF91AF919F918F917F916F915F91E2
:109E20004F913F912F910F900BBE0F900FBE0F904F
:109E30001F9018951F920F920FB60F9211240BB618
:109E40000F922F938F939F93EF93FF93E0910B0FBC
:109E5000F0910C0F8081E091110FF091120F82FDB3
:109E60001DC090818091140F8F5F8F732091150F0B
:109E7000821741F0E091140FF0E0E550F14F958F1B
:109E80008093140FFF91EF919F918F912F910F90DD
:109E90000BBE0F900FBE0F901F9018958081F2CFD0
:109EA0001F920F920FB60F9211240BB60F922F93A1
:109EB0003F934F935F936F937F938F939F93AF9352
:109EC000BF93EF93FF938091B900887F803609F4A8
:109ED0004DC008F040C0883209F4A9C028F580318F
:109EE00009F49DC0C8F4882309F4FBC0883009F444
:109EF00096C0FF91EF91BF91AF919F918F917F910C
:109F00006F915F914F913F912F910F900BBE0F90EA
:109F10000FBE0F901F901895883109F488C08032C9
:109F200041F78093410714C0803409F49DC040F488
:109F30008033B9F38833E9F68093410785ECB0C0EC
:109F4000803509F485C0883509F496C0883489F6CF
:109F50000E944D3ECECF883909F48CC038F5883741
:109F600029F050F4883611F0803719F683E0809399
:109F700042071092400757C0883809F47BC08039E7
:109F800019F0803809F0B5CF80914007803208F091
:109F900071C0E091400781E08E0F8093400780916F
:109FA000BB00F0E0E05EF84F80833DC0803B39F0BD
:109FB000E0F4803A09F479C0883A09F09ACF84E055
:109FC0008093420710921F0710921E07E0917007BE
:109FD000F0917107199580911E0781110FC081E0E2
:109FE00080931E071092FE0609C0803C09F4A6CF9C
:109FF000883C09F4A3CF883B09F07BCFE0911F0791
:10A0000081E08E0F80931F07F0E0E250F94F8081CE
:10A010008093BB0090911F0780911E0729C08091FB
:10A0200067078093BB0085EC8093BC0062CF909162
:10A03000660780916507981758F5E091660781E0FB
:10A040008E0F80936607F0E0EB5BF84F8081E9CFDD
:10A05000E091660781E08E0F809366078091BB00D8
:10A06000F0E0EB5BF84F8083909166078091650785
:10A070009817C8F285E8D8CFE091660781E08E0F87
:10A08000809366078091BB00F0E0EB5BF84F808324
:10A090008091440781115CCF81E08093430784EA7B
:10A0A0008093BC001092420724CF85EC8093BC00C3
:10A0B0001092420780914007803230F4E0914007CF
:10A0C000F0E0E05EF84F10826091400770E0E091B0
:10A0D0006E07F0916F0780E297E0199510924007A4
:10A0E00008CF1092410734CF0F931F93CF93DF9384
:10A0F000EC01162F072F198218861A8619861F86DB
:10A10000188A198A1A8A81E08E878B871C8692E0CA
:10A110009D87888362E370E0CE010E94853E89813D
:10A12000882339F08E819F8197FD03C060E00E94F3
:10A13000100F1E830F838981882341F061E0812FF6
:10A140000E94100F60E0812F0E94E20E812F902F5D
:10A15000FC01E95CF84EE491F0E0EE0FFF1FE35ED6
:10A16000F84E259134913C8B2B8BFC01E952F94E32
:10A17000E491ED8BDF91CF911F910F9108951F9383
:10A18000CF93DF93EBEFFEE01382128288EE93E031
:10A19000A0E0B0E084839583A683B78320EE32E00D
:10A1A0003183208325EC30E03587248724EC30E0B0
:10A1B0003787268720EC30E0318B208B21EC30E094
:10A1C000338B228B22EC30E0358B248B26EC30E075
:10A1D000378B268B118E128E138E148EE8E9FFE0DA
:10A1E00010E510831182EAE9FFE0158216821186DC
:10A1F000138642E050E060E070E044875587668750
:10A20000778713A215A614A622EF32E033A722A760
:10A2100017A6C3EEDFE01B821A828C839D83AE8378
:10A22000BF838EEF92E09983888365E070E085E4D8
:10A2300090E10E94745068E070E08FE290E10E942B
:10A240007450EFEEFFE01382128220E830E0358395
:10A25000248380E490E097838683318720879387E7
:10A260008287168A158614861786168681E0858B66
:10A27000848B2FEF3FEF338B228B318B208B878B9F
:10A28000108E128E118E80E193E091838083148E64
:10A29000138ED68FC58F10A2178E8FEF84A385A340
:10A2A00086A387A380A780E89AE1A6E0B0E085AB0B
:10A2B00096ABA7ABB0AF80EA96E8A1E0B0E081AF83
:10A2C00092AFA3AFB4AF16AF17AEDF91CF911F918E
:10A2D0000895789484B5826084BD84B5816084BD1E
:10A2E00085B5826085BD85B5816085BD80916E0034
:10A2F000816080936E001092810080918100826065
:10A3000080938100809181008160809381008091A1
:10A3100080008160809380008091B1008460809390
:10A32000B1008091B00081608093B0008091910075
:10A330008260809391008091910081608093910070
:10A34000809190008160809390008091A100826054
:10A350008093A1008091A10081608093A1008091F1
:10A36000A00081608093A000809121018260809391
:10A370002101809121018160809321018091200140
:10A3800081608093200180917A00846080937A00BC
:10A3900080917A00826080937A0080917A00816057
:10A3A00080937A0080917A00806880937A0010927E
:10A3B000C100E0910B0FF0910C0F22E02083E0919F
:10A3C000070FF091080F1082E091090FF0910A0F2A
:10A3D00090E190831092130FE0910F0FF091100F06
:10A3E00086E08083E0910D0FF0910E0F80818061F7
:10A3F0008083E0910D0FF0910E0F80818860808343
:10A40000E0910D0FF0910E0F808180688083E091C4
:10A410000D0FF0910E0F80818F7D8083E2EAFAE0CC
:10A4200049E554E0DF01BA011D9261507040E1F747
:10A4300040E65AEE60E070E04093A20A5093A30A0F
:10A440006093A40A7093A50A40E25FEB62E070E0BB
:10A450004093A60A5093A70A6093A80A7093A90A8A
:10A4600040EE53E964E070E04093AA0A5093AB0ACF
:10A470006093AC0A7093AD0A4FEF53E05093B10A6A
:10A480004093B00A81E08093B20A40E050E060E27D
:10A4900072E44093B40A5093B50A6093B60A70937D
:10A4A000B70A40E050E068E472E44093B80A509381
:10A4B000B90A6093BA0A7093BB0AC12CD12C3CE54F
:10A4C000E32E32E4F32EC092BC0AD092BD0AE09291
:10A4D000BE0AF092BF0A40E050E06AEA72E440939C
:10A4E000C00A5093C10A6093C20A7093C30A809352
:10A4F000A50B2093A60B8093A70B3EE13093A80BEE
:10A5000033E03093A90B2093AA0BE2E3E093AC0B6A
:10A510002093A50CA2EDA093AC0CF2E5F093AD0C4A
:10A5200032E13093AE0C40E050E060EF71E44093D4
:10A53000B10C5093B20C6093B30C7093B40CD6EF83
:10A54000D093B50CCCEDC093B60CB0EDB093B70C76
:10A55000812C912C14E3A12E12E4B12E8092BA0C1E
:10A560009092BB0CA092BC0CB092BD0C2FEF20932C
:10A57000BE0C2093BF0C2093C00CC092C30CD09291
:10A58000C40CE092C50CF092C60C2093C70C20932B
:10A59000C80C2093C90CC12CD12C0CE8E02E02E48D
:10A5A000F02EC092CC0CD092CD0CE092CE0CF0925A
:10A5B000CF0CD093D00CC093D10CB093D20C80931D
:10A5C000D30CA093D90CF093DA0C3093DB0C80936E
:10A5D000DC0C4093DE0C5093DF0C6093E00C709326
:10A5E000E10C9093E20C9093E30C9093E40C809335
:10A5F000E50C40E050E068E172E44093E70C5093D2
:10A60000E80C6093E90C7093EA0C24E02093EE0CC4
:10A610004093F00C5093F10C6093F20C7093F30C98
:10A62000FAE0F093C20E2093F70C4093F90C50938C
:10A63000FA0C6093FB0C7093FC0CF093FD0C2093D0
:10A64000FE0C8093FF0C80935A0D8093630D309322
:10A65000690DF0936A0D20936B0D80936C0D409300
:10A660006E0D50936F0D6093700D7093710DABE98B
:10A67000A093720DFCE5F093730D9093740D80938D
:10A68000750D812C912CF4EAAF2EF2E4BF2E80924E
:10A69000770D9092780DA092790DB0927A0D9093EB
:10A6A0007B0D90937C0D90937D0DF5E0F093C30EA0
:10A6B00080937E0DC12CD12CB8ECEB2EB2E4FB2E96
:10A6C000C092800DD092810DE092820DF092830DA8
:10A6D00020930E0E2093170E30931D0E3CE0309306
:10A6E0001E0EF0931F0E2093200E4093220E5093C7
:10A6F000230E6093240E7093250EA093260E3EE445
:10A700003093270E66E16093280E2093290E8092E5
:10A710002B0E90922C0EA0922D0EB0922E0E909396
:10A720002F0E9093300E9093310EF093C40E209321
:10A73000320EC092340ED092350EE092360EF09268
:10A74000370E94E69093C50E9093C60E9093C70E65
:10A750008093C80E42E350E05093CB0E4093CA0E54
:10A7600034E13093CC0E6093CD0E6BE46093CE0E4B
:10A770006BEE6093CF0E60E079E17093D10E609341
:10A78000D00E68EA7FE27093D30E6093D20E90935E
:10A79000D40E98E49093D50E96E29093D60E5093F3
:10A7A000D80E4093D70E9AE59093D90E97E39093E5
:10A7B000DA0E3093DB0E8093DC0EE093DD0E2093F7
:10A7C000DE0EE093DF0E3093E00E28EB3BE030939B
:10A7D000E20E2093E10E8093E30E8093E40E8093CB
:10A7E000E50E8093E60E8093E70E84E893E0909365
:10A7F000E90E8093E80E8AE590E09093EB0E80934B
:10A80000EA0E88E893E1A0E0B0E08093EC0E90932C
:10A81000ED0EA093EE0EB093EF0E62E081E30E9486
:10A82000100F61E085E30E94100F61E085E30E9454
:10A83000E20E8091C90F882321F084EC9FE00E94F2
:10A8400039201092A50F1092A30F1092A00F109212
:10A850009F0F85E380939E0F0E948512EB0161E0BC
:10A8600080919E0F0E94100F61E080919E0F0E94C8
:10A87000E20E0E94231782E58093980F1092990FA1
:10A880008091980F9091990F0E948A171AE08FEF8C
:10A890000E9465171150D9F78AE99FE00E948D1731
:10A8A00020E030E0A90160E08AE99FE00E94A31760
:10A8B000182F8093A40F813091F00E9485126C1B99
:10A8C0007D0B613D774060F381E080939F0F8AE9C3
:10A8D0009FE00E945A1781E08093F00E7AC02AEA26
:10A8E00031E040E050E068E08AE99FE00E94A31771
:10A8F00082FF2AC01093A50F8091A50FC12CD12CE7
:10A90000E12C00E4F02E823019F0C12CD12C76011C
:10A9100020E030E0A90167E38AE99FE00E94A317E5
:10A92000A701960169E28AE99FE00E94A31780933C
:10A93000A40F8823C1F00E9485126C1B7D0B613D22
:10A94000774030F388E0C1CF14E00E946C17809309
:10A95000A40F1150D1F78A3A11F082E0B6CF82E00D
:10A960008093A50FC9CF8091A50F8230D1F420E04C
:10A9700030E0A9016AE38AE99FE00E94A3178823D7
:10A9800011F086E0A2CF0E946C17807C803C19F405
:10A9900083E08093A50F0E946C170E946C170E94A1
:10A9A0006C178AE99FE00E945A1780E58093980F00
:10A9B0001092990F81E00E94A919882309F4F1C02F
:10A9C00084EC9FE00E94601C882309F484CF0E94DD
:10A9D00003466091CA0E7091CB0E85E490E10E940F
:10A9E000853E6091D70E7091D80E8FE290E10E9463
:10A9F000853EE8EDF7E0A4E7B7E02CE338E08FEF21
:10AA000081938D932E173F07D9F761E082E00E9472
:10AA1000100F61E083E00E94100F61E084E00E946B
:10AA2000100F61E087E00E94100F61E08BE00E9450
:10AA3000100F61E08CE00E94100F61E08CE20E9438
:10AA4000100F61E08DE20E94100F61E08EE20E9423
:10AA5000100F61E086E00E94100F86E00E949312C2
:10AA600085E490E10E94D42D85E490E10E94C233F8
:10AA700085E490E10E94022D8FE290E10E94D42DA6
:10AA80008FE290E10E94C2338FE290E10E94022D9A
:10AA900062E086E10E94100F62E087E10E94100FE1
:10AAA00062E088E10E94100FC5EBD2E015ECE12EC8
:10AAB00012E0F12E199161E08091C40A811101C068
:10AAC00060E0812F0E94E20E61E0812F0E94100F52
:10AAD000EC16FD0679F70E94A2430E94C42E86E37D
:10AAE0000E9412120E94ED329093640880936308D2
:10AAF0000E94FE3260930C0270930D0280930E024E
:10AB000090930F028091E60E882309F473C010928F
:10AB100073071092720710927F0A10927E0A0E94A9
:10AB2000342881E992E1909371078093700782E95C
:10AB300092E190936F0780936E0781E08093810A82
:10AB40008CE38093800A83EE9FE00E94F8288111B5
:10AB500051C080910E1090910F10892B49F10E94E5
:10AB6000A2332091F50F3091F60F8091F30F909161
:10AB7000F40F213231050CF0AAC0B90160527109FD
:10AB800077FF02C06F5F7F4F759567958357910977
:10AB900097FD019600E210E023E730E04BEC59E02E
:10ABA000A9C080E00E94A919882309F494CE08CF97
:10ABB0002091F50F3091F60FC901079697FD079682
:10ABC000B3E095958795BA95E1F72091F30F309111
:10ABD000F40FFC01E29FC001E39F900DF29F900DE6
:10ABE00011240E944C6A90930F1080930E10892BB1
:10ABF00009F0B5CF1092460885E40E9412126C014C
:10AC0000990FEE08FF080E942D12C616D706E80617
:10AC1000F90631F06C257D258E259F250E94AD64B7
:10AC20008091E50E882309F4C0C38091E70E81115D
:10AC3000BCC38BE49FE00E947A360E94A2430E942C
:10AC4000C42E4FEF6FEF8FEF0E94403260E086E43A
:10AC50009FE00E94C53740E060E080E00E94403203
:10AC60004FEF6FEF8FEF0E94923261E080E49FE040
:10AC70000E94C53740E060E080E00E9492324FEFD2
:10AC80006FEF8FEF0E94693262E087E39FE00E94DE
:10AC9000C53740E060E080E00E94693285E490E1E1
:10ACA0000E94C233D0E0C0E08091CA0E9091CB0EDA
:10ACB000C817D90708F011C32FEF3FEF4FEF50E04F
:10ACC000BE0185E490E10E94962C2196EDCFB9015A
:10ACD0006054710977FF02C06F5F7F4F759567956C
:10ACE0008255910997FD019600E410E022E530E0DD
:10ACF0004BEA5BE0959587950E94FF2682E0809362
:10AD0000111080910C1090910D10892B09F47CC1C9
:10AD10008CE38093101010927307109272071092B8
:10AD20007F0A10927E0A0E94342881E992E1909372
:10AD300071078093700782E992E190936F07809387
:10AD40006E078091171087FD1EC061E00E94100FF2
:10AD500061E0809117100E94E20E61E070E080E0F7
:10AD600090E00E94521260E0809117100E94E20E63
:10AD70006AE070E080E090E00E94521261E0809111
:10AD800017100E94E20E80910C1090910D10892BEB
:10AD900009F4C7C12091241030912510409126104C
:10ADA0005091271060E074E284EF90E00E949A686E
:10ADB00020513109410951095695479537952795F5
:10ADC0002093B80064E087EC99E00E94DF2960914D
:10ADD000F50F61508FEE9FE00E94942A64E083ECAF
:10ADE00099E00E94DF298091111060E1813009F023
:10ADF00064E18FEE9FE00E94942A64E08FEB99E07B
:10AE00000E94DF298FE880932C108091F30F90919E
:10AE1000F40F8038910509F09BC18091F50F909156
:10AE2000F60F8034910509F0A3C180911110813093
:10AE300009F0B1C18FE980932C10C2E16AED8FEE69
:10AE40009FE00E94942A6C2F8FEE9FE00E94942A2C
:10AE500061E88FEE9FE00E94942A60912C108FEEA3
:10AE60009FE00E94942A69ED8FEE9FE00E94942A51
:10AE70008091111062E2813009F061EF8FEE9FE066
:10AE80000E94942A66E089EB99E00E94DF29809174
:10AE90000C1090910D10892B09F47FC1209128107E
:10AEA0003091291040912A1050912B1060E074E2EB
:10AEB00084EF90E00E949A682051310941095109BC
:10AEC00056954795379527952093B8000E94A23351
:10AED00081E090E090930210809301109093001015
:10AEE0008093FF0F80930310809304108BE190E018
:10AEF0009093FC0F8093FB0FC2E1D0E0D093FE0F44
:10AF0000C093FD0F61E87EE08FEE9FE00E94DF12AC
:10AF10008EE190E09093FC0F8093FB0F9093FE0FD7
:10AF20008093FD0F64E77EE08FEE9FE00E94DF12CA
:10AF3000D093FC0FC093FB0F8EE290E09093FE0F36
:10AF40008093FD0F60910C0270910D0280910E02B2
:10AF500090910F020E9430386BE67EE08FEE9FE00A
:10AF60000E94DF120E94F62A8091E70E811106C02E
:10AF700068EB7BE080E090E00E94521281E08093D9
:10AF800046088091E70E882329F08091F00E8430E6
:10AF900009F032CE0E94A23381E090E0909302103B
:10AFA00080930110909300108093FF0F8093031003
:10AFB000809304101092FC0F1092FB0F1092FE0F62
:10AFC0001092FD0F67E07FE08FEE9FE00E94DF129E
:10AFD0001092FC0F1092FB0F80E190E09093FE0F17
:10AFE0008093FD0F8091F00E833009F4E0C064EF90
:10AFF0007EE0843009F4E5C067ED7EE0823009F040
:10B00000E0C062EE7EE0DDC061E0809115100E943C
:10B01000100F61E0809116100E94100F80911510A2
:10B02000082E000C990BFC01E95CF84EE491F0E06D
:10B03000EE0FFF1FE35EF84E2591349130931D1003
:10B0400020931C10FC01E952F94EE491E093221088
:10B0500080911610082E000C990BFC01E95CF84E4B
:10B06000E491F0E0EE0FFF1FE35EF84EA591B4917E
:10B07000B0931F10A0931E10FC01E952F94EE49109
:10B08000E09323108C91E82BEC9380910A1090911F
:10B090000B10892B19F00E94231753CE61E0809189
:10B0A00013100E94100F61E0809114100E94100F85
:10B0B00080911310082E000C990BFC01E95CF84EEE
:10B0C000E491F0E0EE0FFF1FE35EF84E259134911E
:10B0D0003093191020931810FC01E952F94EE491B5
:10B0E000E093201080911410082E000C990BFC01A5
:10B0F000E95CF84EE491F0E0EE0FFF1FE35EF84EDE
:10B10000A591B491B0931B10A0931A10FC01E952C1
:10B11000F94EE491E09321108C91E095E823EC93B3
:10B1200010CE80910A1090910B10892B31F08091F4
:10B130002D1090912E100E948A17E0911E10F09110
:10B140001F109081809123108095892380833ACEAF
:10B150008036910589F48091F50F9091F60F409714
:10B1600039F480911110813029F480E180932C1002
:10B17000C2E064CE8FEAFACF80349105C9F780919E
:10B18000F50F9091F60F809799F78091111081300B
:10B1900011F480E150CE8FEC4ECEE0911E10F09174
:10B1A0001F10808190912310892B80838FCE609116
:10B1B0000102709102028FEE9FE00E94643963E009
:10B1C0007FE08FEE9FE00E94DF121092FC0F109242
:10B1D000FB0F8CE190E09093FE0F8093FD0F809128
:10B1E000F00E8350823008F05DC060ED7EE08FEE9F
:10B1F0009FE00E94DF126091F10E7091F20E8FEECF
:10B200009FE00E942A3867EC7EE08FEE9FE00E946C
:10B21000DF126091A50C8FEE9FE00E940B378091AA
:10B22000F30E9091F40E892B71F11092FC0F109295
:10B23000FB0F88E290E09093FE0F8093FD0F6CEA85
:10B240007EE08FEE9FE00E94DF126091F30E70911E
:10B25000F40E8FEE9FE00E942A381092FC0F10929D
:10B26000FB0F84E390E09093FE0F8093FD0F80919D
:10B27000F50E9091F60E0196E1F46AE97EE08FEE0C
:10B280009FE00E94DF120E94F62A8091F30E9091B7
:10B29000F40E892BE9F068E873E180E090E00E9409
:10B2A0005212AACC64EB7EE08FEE9FE00E94DF1288
:10B2B000B6CF6EE87EE08FEE9FE00E94DF126091D5
:10B2C000F50E7091F60E8FEE9FE00E942A38DBCFCC
:10B2D00064EC79E080E090E0E2CF85E490E10E94C8
:10B2E000022D63E080E39FE00E94C53785E490E192
:10B2F0000E94C23385E490E10E94022D8FE290E12A
:10B300000E94C233D0E0C0E08091D70E9091D80E59
:10B31000C817D90758F42FEF3FEF4FEF50E0BE01A9
:10B320008FE290E10E94962C2196EECF8FE290E181
:10B330000E94022D64E088E29FE00E94C5378FE200
:10B3400090E10E94C2338FE290E10E94022D69E7F2
:10B3500074E580E090E00E94EA2D86E00E9493125E
:10B360008FEF8093000285E490E10E94C23385E470
:10B3700090E10E94022D0E94A2430E94C42E80915F
:10B380004608882341F020E030E0A90165E081E231
:10B390009FE00E94123764E873E080E090E00E9432
:10B3A000521280E19FE00E947A3686E30E941212D8
:10B3B0000E94ED3290936408809363080E94FE32ED
:10B3C00060930C0270930D0280930E0290930F0213
:10B3D0000E9485126093570870935808809359080B
:10B3E00090935A082091B30A222351F01092070239
:10B3F00060935B0870935C0880935D0890935E088F
:10B400000E9474368CE993E10E947A3689E693E1D2
:10B410000E947A3680E493E10E947A3680E393E1D9
:10B420000E947A3680E293E10E947A3682E193E1CB
:10B430000E947A3684EF92E10E947A368BED92E197
:10B440000E947A368CEB92E10E947A3687E992E18B
:10B450000E947A3687E792E10E947A3686E692E188
:10B460000E947A3689E592E10E947A368EE492E172
:10B470000E947A368AE292E10E947A3680914608EA
:10B480008823F9F08FEB91E10E947A368EEF91E1FB
:10B490000E947A3688EC91E10E947A3669E071E187
:10B4A0008BEF9EE00E94DF128091F00E833061F0FE
:10B4B000843009F460C1823009F084C18FE890E1E2
:10B4C0000DC084E991E1E0CF609101027091020228
:10B4D0008BEF9EE00E94643985EF90E10E947A36FE
:10B4E00064E570E18BEF9EE00E94DF1281E30E9431
:10B4F000B90E892B09F069C18BE390E10E947A367D
:10B5000067E470E18BEF9EE00E94DF126091A20A77
:10B510007091A30A8091A40A9091A50A18EEC12EF9
:10B5200013E0D12EE12CF12CA70196010E949A681C
:10B53000BA01A9012AE08BEF9EE00E9489366FE2F2
:10B540008BEF9EE00E94D8126091A60A7091A70A24
:10B550008091A80A9091A90AA70196010E949A6871
:10B56000BA01A9012AE08BEF9EE00E9489366FE2C2
:10B570008BEF9EE00E94D8126091AA0A7091AB0AEC
:10B580008091AC0A9091AD0AA70196010E949A6839
:10B59000BA01A9012AE08BEF9EE00E9489360E9441
:10B5A00074366EE370E18BEF9EE00E94DF126091D3
:10B5B000B40A7091B50A8091B60A9091B70A42E038
:10B5C0000E94863860E28BEF9EE00E94D812609164
:10B5D000B80A7091B90A8091BA0A9091BB0A42E008
:10B5E0000E94863860E28BEF9EE00E94D812609144
:10B5F000BC0A7091BD0A8091BE0A9091BF0A42E0D8
:10B600000E94863860E28BEF9EE00E94D812609123
:10B61000C00A7091C10A8091C20A9091C30A42E0A7
:10B620000E9486380E9474360FEAC02E02E0D02EA7
:10B6300002EC1EE0F12CE12C89E0682E94EB592EEF
:10B6400060E270E18BEF9EE00E94DF12D6016D9107
:10B650007D916D018BEF9EE00E9464396DE170E198
:10B660008BEF9EE00E94DF12F80160818BEF9EE07D
:10B670000E940B37D801D6968C91882309F4A8C074
:10B6800081E190E10E947A36712C5E9C50015F9CB2
:10B69000B00C1124F8018081781608F09FC0872C27
:10B6A000912C6FEF7FE08BEF9EE00E94DF12689C91
:10B6B000F001699CF00D1124EA0DFB1DEA55F34FD2
:10B6C000E08167E473E0E53038F4F0E0EE0FFF1F4F
:10B6D000EB55FD4F608171818BEF9EE00E946439D4
:10B6E00060E28BEF9EE00E94D812689CE001699CAA
:10B6F000D00D1124CA0DDB1DCE55D54FFE01EA5FDA
:10B70000FD4F608171818281938142E00E94863881
:10B7100069EF7FE08BEF9EE00E94DF12FE01E65FA3
:10B72000FD4F60818BEF9EE00E940B376CE28BEF48
:10B730009EE00E94D812FE01E55FFD4F60818BEF15
:10B740009EE00E940B376CE28BEF9EE00E94D812C5
:10B75000FE01E45FFD4F60818BEF9EE00E940B379E
:10B76000CB5FDD4F88818130B1F580EF9FE00E9493
:10B770007A3673948FCF60910102709102028BEF41
:10B780009EE00E9464396CED70E18BEF9EE00E94B8
:10B79000DF126091F30E7091F40E8BEF9EE00E9429
:10B7A0002A3862ED70E18BEF9EE00E94DF1260911B
:10B7B000F50E7091F60E8BEF9EE00E942A3880ED18
:10B7C00090E18CCE8CE690E189CE87E290E196CE36
:10B7D00082E090E157CF87EE9FE0C9CFFFEFEF1AED
:10B7E000FF0A0F5F1F4F23E0E216F10409F028CF94
:10B7F00068ED7FE08BEF9EE00E94DF126091A50C68
:10B800008BEF9EE00E940B370E947436F12CCDE046
:10B81000EC2E8091A50CF81608F06FC065ED7FE066
:10B820008BEF9EE00E94DF12CF2DD0E08E01000F43
:10B83000111F000F111FF801EB55F44FE08167E471
:10B8400073E0E53038F4F0E0EE0FFF1FEB55FD4FED
:10B85000608171818BEF9EE00E94643963ED7FE02F
:10B860008BEF9EE00E94DF12F801E855F44F6081F3
:10B870008BEF9EE00E940B376AEC7FE08BEF9EE03F
:10B880000E94DF12CC0FDD1FCC0FDD1FCA55D44F35
:10B89000688170E06F5F7F4F8BEF9EE00E94D5362E
:10B8A000E881EE9EF0011124EE55F54F83A988231F
:10B8B000A9F067EC7FE08BEF9EE00E94DF126881C9
:10B8C0006E9DB00111246B52754F8BEF9EE00E946C
:10B8D000643969E28BEF9EE00E94D812F801E955C5
:10B8E000F44F8081882331F083EC9FE00E947A3608
:10B8F000F3948FCF8EEB9FE0F9CF65EB7FE08BEF7A
:10B900009EE00E94DF126091CA0E7091CB0E8BEF09
:10B910009EE00E942A3865EA7FE08BEF9EE00E945D
:10B92000DF126091CC0E8BEF9EE00E940B370E94DD
:10B9300074366BE97FE08BEF9EE00E94DF1260912E
:10B94000D70E7091D80E8BEF9EE00E942A3868E8DF
:10B950007FE08BEF9EE00E94DF12E091DC0E67E457
:10B9600073E0E53038F4F0E0EE0FFF1FEB55FD4FCC
:10B97000608171818BEF9EE00E94643960E28BEF01
:10B980009EE00E94D8126091DD0E8BEF9EE00E9437
:10B990000B3763E87FE08BEF9EE00E94DF12E091BF
:10B9A000DE0E67E473E0E53038F4F0E0EE0FFF1FE1
:10B9B000EB55FD4F608171818BEF9EE00E946439F1
:10B9C00060E28BEF9EE00E94D8126091DF0E8BEF59
:10B9D0009EE00E940B3765E28BEF9EE00E94D8123A
:10B9E0000E9474368091E70E882309F483C38FE2A6
:10B9F00091E10E947A3661E771E18BEF9EE00E944F
:10BA0000DF1260910C0270910D0280910E029091F4
:10BA10000F0228EE33E040E050E00E949A68BA013D
:10BA2000A9012AE08BEF9EE00E94893688E691E129
:10BA30000E947A366BE471E18BEF9EE00E94DF1288
:10BA400086E30E941212BC018BEF9EE00E94D53665
:10BA50000E9474360E94743611E00DE042E2242EFA
:10BA6000312C809141088823B9F00E948512C09042
:10BA70003D08D0903E08E0903F08F09040086C19D7
:10BA80007D098E099F0997FD07C086E00E949312E9
:10BA90001092410810923C082EE638E044E152E052
:10BAA00065E172E086E10E94552E882309F471C099
:10BAB00080916908882309F42DC30E94A2430E9443
:10BAC000C42E1092690810924D0880914C0888236A
:10BAD00009F413C30E948512AB01BC018091570881
:10BAE00090915808A0915908B0915A08C090480800
:10BAF000D0904908E0904A08F0904B088C199D09B5
:10BB0000AE09BF09840F951FA61FB71F8093570862
:10BB100090935808A0935908B0935A0810930702BD
:10BB200083ED93E10E947A3681E00E94BB3210924D
:10BB3000470860910C0270910D0280910E02909165
:10BB40000F020E94E5306B017C010E94FB411092C4
:10BB500042081092430810924408109245088091C0
:10BB6000D70E9091D80E892B21F0C701B6010E9403
:10BB7000BD3EC701B6010E94193060910C02709160
:10BB80000D0280910E0290910F02A70196010E9472
:10BB90006D3A2AE638E042E152E063E172E087E183
:10BBA0000E94552E882309F489C08091690881116B
:10BBB00085C0C0900C02D0900D02E0900E02F09073
:10BBC0000F02C701B6010E94E5300E94C82FD0E0E5
:10BBD000C0E08530910528F48B539D4FDC01CC915A
:10BBE000D0E0CE010E94012F2B013C01C701B6011C
:10BBF0000E9468674B015C0120E030E048EC52E4B1
:10BC0000C301B2010E946A699B01AC01C501B40184
:10BC10000E94C96720E030E040E05FE30E94FE68D8
:10BC20000E94E3694B015C0120E030E0A901C301FF
:10BC3000B2010E94126A18167CF4B1E0CB1AD10846
:10BC4000E108F1088C149D04AE04BF0428F4EFEF62
:10BC50008E1A9E0AAE0ABE0A80910702882309F452
:10BC6000A4C20E948512681979098A099B09609308
:10BC70005708709358088093590890935A0881E0A8
:10BC80000E94BB3269EE73E18BEF9EE00E94DF12EF
:10BC9000C530D10508F092C2CC0FDD1FCB55DD4F6A
:10BCA000688179816115710521F08BEF9EE00E941A
:10BCB00065360E94743683E00E94992E25E638E0AE
:10BCC00040E152E061E172E088E10E94552E882354
:10BCD00009F482C080916908811173C210936908C8
:10BCE00010924D088091070280934C080E948512A3
:10BCF000609348087093490880934A0890934B08D2
:10BD000010920702109247080E9474368EEF95E158
:10BD10000E947A3689ED95E10E947A3681E00E9490
:10BD2000BB320E94A2430E94C42E60914D08623132
:10BD300008F451C2CEEEC60F0E94C42EC03120F4CA
:10BD400061E08C2F0E94AE2E63ED75E18BEF9EE0DB
:10BD50000E94DF1260914D0870E06F5F7F4F8BEFA4
:10BD60009EE00E94D53667EC75E18BEF9EE00E9465
:10BD7000DF126C2F669566956F5F8BEF9EE00E94D9
:10BD80000B3764EC75E18BEF9EE00E94DF126C2FA5
:10BD900063706F5F8BEF9EE00E940B370C9FF0018A
:10BDA0001124EE55F54F83A9882379F060EC75E1F5
:10BDB0008BEF9EE00E94DF12C09FB00111246B52F6
:10BDC000754F8BEF9EE00E9464390E94743680911B
:10BDD000460881110E946C3980916908811187C1E0
:10BDE00080900C0290900D02A0900E02B0900F0275
:10BDF000C501B4010E94E53086E30E9412120E9440
:10BE0000ED32EC0180910A0290910B0297FF0CC079
:10BE1000809163089091640890930B0280930A02CA
:10BE2000D0930902C0930802809108029091090200
:10BE30009E01281B390BC90137FF03C091958195DD
:10BE40009109049774F0D0930902C09308020E94EC
:10BE5000851260935F0870936008809361089093E7
:10BE60006208CE010E94FE3286169706A806B90621
:10BE700009F471C00E948512C0905F08D0906008DC
:10BE8000E0906108F09062086C197D098E099F09A5
:10BE9000683B7B408105910508F45DC080910702F5
:10BEA000882309F43CC30E9485126B017C018091B8
:10BEB000570890915808A0915908B0915A08A701C5
:10BEC0009601281B390B4A0B5B0BCA01B901A5016E
:10BED00094010E949A680E9468672B013C01C50189
:10BEE000B4010E9468679B01AC01C301B2010E94CA
:10BEF0006A694B015C01D0936408C0936308CE016A
:10BF00000E94FE3260930C0270930D0280930E0229
:10BF100090930F020E946867A50194010E94C9676F
:10BF200020E030E040E05FE30E94FE680E94E369A9
:10BF3000C61AD70AE80AF90AC0925708D0925808D8
:10BF4000E0925908F0925A08D0930B02C0930A026B
:10BF500085E00E94992E0E948512AB01BC012091C0
:10BF600005023091060237FFE3C2D0930602C09368
:10BF70000502D0930402C093030280900C029090BB
:10BF80000D02A0900E02B0900F02C501B4010E94F4
:10BF9000E5306B017C010E94FB418091D70E9091AE
:10BFA000D80E892B21F0C701B6010E94BD3EC70102
:10BFB000B6010E941930A7019601C501B4010E9483
:10BFC0006D3A8091EC0E9091ED0EA091EE0EB09135
:10BFD000EF0E892B8A2B8B2B09F489C00E948512C6
:10BFE000409053085090540860905508709056083F
:10BFF00064197509860997094090EC0E5090ED0E72
:10C000006090EE0E7090EF0E64157505860597052D
:10C0100008F46DC00E948512609353087093540811
:10C02000809355089093560861E476E18BEF9EE08B
:10C030000E94DF12C701B6010E94C82F67E473E0B7
:10C040008530910538F4880F991FFC01EB55FD4FA1
:10C05000608171818BEF9EE00E9464396DE376E12F
:10C060008BEF9EE00E94DF1241E0C701B6010E9403
:10C0700086386BE376E18BEF9EE00E94DF1260E38F
:10C0800076E18BEF9EE00E94DF12C501B40120E64D
:10C090003AEE40E050E00E949A68BA01A9012AE015
:10C0A0008BEF9EE00E9489366BE276E18BEF9EE09B
:10C0B0000E94DF1263E276E18BEF9EE00E94DF12C6
:10C0C00086E30E941212BC018BEF9EE00E94D536DF
:10C0D0006FE176E18BEF9EE00E94DF128091070214
:10C0E000882309F471C28BE196E10E947A360E949E
:10C0F0000614B7CC83E191E17CCC0E948512609359
:10C100005B0870935C0880935D0890935E081092C2
:10C11000070206CD809107028823B1F00E948512A4
:10C1200060935B0870935C0880935D0890935E0851
:10C13000109207028DEC93E10E947A3681E00E9412
:10C14000BB321092470825CD0E948512AB01BC017D
:10C150008091570890915808A0915908B0915A08B9
:10C16000C0905B08D0905C08E0905D08F0905E089D
:10C170008C199D09AE09BF09840F951FA61FB71F13
:10C180008093570890935808A0935908B0935A0881
:10C190001093070285EC93E10E947A3681E00E94B9
:10C1A000BB3282E00E94992EF4CC60915B087091C2
:10C1B0005C0880915D0890915E0855CD67E473E05E
:10C1C00074CD80914D0890E00196B1010E94306AD3
:10C1D00080934D08A3CD61506131C8F4E62FF0E0A3
:10C1E0008827EA50FF498F4F0C94446A1161196106
:10C1F0002161296131613961416149615161706138
:10C200008F61AE61CD61EC610B622A62496240E0F0
:10C2100060E08FEF0E94923288EA95E10E947A36C0
:10C22000D6CD40E06FEF80E00E94923280E995E148
:10C23000F5CF4FEF60E080E00E9492328AE795E10F
:10C24000EDCF40E060E08FEF0E9469328FE595E12D
:10C25000E5CF40E06FEF80E00E94693284E495E131
:10C26000DDCF4FEF60E080E00E9469328BE295E124
:10C27000D5CF40E060E08FEF0E94403284E195E14D
:10C28000CDCF40E06FEF80E00E9440328DEF94E12F
:10C29000C5CF4FEF60E080E00E94403288EE94E12D
:10C2A000BDCF85E490E10E94C233D0E0C0E0809130
:10C2B000CA0E9091CB0EC817D90758F420E030E091
:10C2C00046E450E0BE0185E490E10E94962C219660
:10C2D000EECF85E490E10E94022D8EEC94E19ECF9A
:10C2E00085E490E10E94C233D0E0C0E08091CA0EA4
:10C2F0009091CB0EC817D90758F420E036E440E0FF
:10C3000050E0BE0185E490E10E94962C2196EECF8C
:10C3100085E490E10E94022D84EB94E17FCF85E4D7
:10C3200090E10E94C233D0E0C0E08091CA0E9091AB
:10C33000CB0EC817D90758F426E430E040E050E0AF
:10C34000BE0185E490E10E94962C2196EECF85E413
:10C3500090E10E94022D8CE994E160CF85E490E1A8
:10C360000E94C233D0E0C0E08091CA0E9091CB0E03
:10C37000C817D90758F42BE132E346E450E0BE0178
:10C3800085E490E10E94962C2196EECF85E490E121
:10C390000E94022D8CE794E141CF8FE290E10E9450
:10C3A000C233D0E0C0E08091D70E9091D80EC8176C
:10C3B000D90758F420E030E046E450E0BE018FE2B7
:10C3C00090E10E94962C2196EECF8FE290E10E94A0
:10C3D000022D81E694E122CF8FE290E10E94C233E8
:10C3E000D0E0C0E08091D70E9091D80EC817D90741
:10C3F00058F420E036E440E050E0BE018FE290E1E6
:10C400000E94962C2196EECF8FE290E10E94022DA1
:10C4100086E494E103CF8FE290E10E94C233D0E042
:10C42000C0E08091D70E9091D80EC817D90758F464
:10C4300026E430E040E050E0BE018FE290E10E944F
:10C44000962C2196EECF8FE290E10E94022D8DE294
:10C4500094E1E4CE8FE290E10E94C233D0E0C0E0EC
:10C460008091D70E9091D80EC817D90758F42BE1B8
:10C4700032E346E450E0BE018FE290E10E94962C48
:10C480002196EECF8FE290E10E94022D8FE094E1A1
:10C49000C5CE46E46AE588E70E94923248E062E34E
:10C4A00084EB0E9469324EE16FE584EB0E944032DA
:10C4B00085E490E10E94C233D0E0C0E08091CA0ED2
:10C4C0009091CB0EC817D90758F421E130E24DE224
:10C4D00050E0BE0185E490E10E94962C2196EECFBB
:10C4E00085E490E10E94022DD0E0C0E08091D70E5B
:10C4F0009091D80EC817D90758F421E130E24DE2E7
:10C5000050E0BE018FE290E10E94962C2196EECF82
:10C510008FE290E10E94022D84EF93E17FCEC090E4
:10C520005B08D0905C08E0905D08F0905E08BFCC9E
:10C530008091030290910402DE01A81BB90BCD018A
:10C54000B7FF03C09195819591090497C4F0D093EA
:10C550000402C093030240934F0850935008609325
:10C56000510870935208CE01821B930B97FF03C0B2
:10C57000919581959109CC9714F010934E08809174
:10C580004E08882309F4F9CC80914F089091500807
:10C59000A0915108B0915208481B590B6A0B7B0BB4
:10C5A0004E3551406105710508F4E7CC10924E08F4
:10C5B000D0930602C0930502D0930402C0930302F5
:10C5C00080E00E94BB32D9CC85E196E18ECDCF923E
:10C5D000DF92EF92FF920F931F93CF93DF93CDB72C
:10C5E000DEB764970FB6F894DEBF0FBECDBF6B0108
:10C5F00044E0BE016F5F7F4F0E94FC3C833081F0BE
:10C6000080E064960FB6F894DEBF0FBECDBFDF9119
:10C61000CF911F910F91FF90EF90DF90CF900895F1
:10C62000E12CF12C8701EA9420E030E0A901BE0161
:10C63000675F7F4F89819A810E942844882301F394
:10C6400020E030E0A901BE01635F7F4F8B819C81B8
:10C650000E9428448823A1F220E030E0A901BE0115
:10C660006F5E7F4F8D819E810E942844882341F216
:10C6700099892D853985F601308321839283C1CF35
:10C68000AF92BF92CF92DF92EF92FF920F931F93E0
:10C69000CF93DF9300D000D000D01F921F92CDB770
:10C6A000DEB75B016A0143E0BE016F5F7F4F0E940E
:10C6B000FC3C823091F080E02B960FB6F894DEBF00
:10C6C0000FBECDBFDF91CF911F910F91FF90EF90E3
:10C6D000DF90CF90BF90AF900895BE01655F7F4F10
:10C6E00089819A810E94CC44882329F314E6E12EA3
:10C6F000F12C00E010E020E030E0A901BE01695F0C
:10C700007F4F8B819C810E9428448823A1F29B85C6
:10C71000F50190839F81F6019083CECF0F931F93F5
:10C72000CF93DF93EC018B0169EE73E00E94C44468
:10C7300081111CC061E673E0CE010E94C4448111E6
:10C7400015C064E673E0CE010E94C44481110EC09E
:10C7500067E673E0CE010E94C444811107C06CE615
:10C7600073E0CE010E94C444882341F081E0F801C7
:10C770008083DF91CF911F910F91089563E773E05C
:10C78000CE010E94C44481111CC065E773E0CE0154
:10C790000E94C444811115C068E773E0CE010E9475
:10C7A000C44481110EC06CE773E0CE010E94C44402
:10C7B000811107C062E873E0CE010E94C44488235F
:10C7C000C1F2F801108281E0D4CF80E193E0909330
:10C7D000F00F8093EF0F80910E1090910F10009743
:10C7E00011F00E94E86A80913810909139100E94EF
:10C7F000E86A809135109091361097FD03C060E093
:10C800000E94100F80914E1090914F100E94E86A84
:10C8100080914B1090914C1097FD03C060E00C94F8
:10C82000100F08958F929F92AF92BF92CF92DF9296
:10C83000EF92FF92CF93DF93EC01688179818A8137
:10C840009B81611571058105910521F464E279ED03
:10C850008BE597E02DE133EF41E050E00E94BC68AA
:10C8600049015A019B01AC01A7EAB1E40E94DB68CF
:10C870006B017C01ACEEB4EFA50194010E94E96864
:10C88000C60ED71EE81EF91EF7FE06C081E0C81AC4
:10C89000D108E10880E8F80AC882D982EA82FB82DE
:10C8A000C701B6019F77DF91CF91FF90EF90DF90A6
:10C8B000CF90BF90AF909F908F9008958F929F924E
:10C8C000AF92BF92CF92DF92EF92FF9260911B02E4
:10C8D00070911C0280911D0290911E0261157105DC
:10C8E0008105910521F464E279ED8BE597E02DE176
:10C8F00033EF41E050E00E94BC6849015A019B01BE
:10C90000AC01A7EAB1E40E94DB686B017C01ACEEEC
:10C91000B4EFA50194010E94E968C60ED71EE81E77
:10C92000F91EF7FE06C081E0C81AD108E10880E8C8
:10C93000F80AC0921B02D0921C02E0921D02F092F3
:10C940001E02C701B6019F77FF90EF90DF90CF9056
:10C95000BF90AF909F908F90089560931B0270934B
:10C960001C0280931D0290931E0208958F929F9245
:10C97000AF92BF92CF92DF92EF92FF920F931F93ED
:10C98000CF93DF935C017B016115710519F0DB0129
:10C990008D939C9385010F5F1F4FF501D0818D2FE3
:10C9A00090E00E9442676C01892BB9F5DD32B9F540
:10C9B0000F5F1F4FD5011196DC91C1E05801F1E0E6
:10C9C000AF1AB10843E050E068EA72E0C5010E9486
:10C9D0004B67892B69F5680182E0C80ED11C45E0E0
:10C9E00050E063EA72E0C6010E944B67892B21F494
:10C9F000680197E0C90ED11CE114F10419F0D701C8
:10CA0000CD92DC9260E070E080E89FEFC111FFC042
:10CA100060E070E080E89FE7FAC05801BBCFDB32EE
:10CA200029F485010E5F1F4FF501D181C0E0C6CF0B
:10CA300043E050E060EA72E0C5010E944B67892B39
:10CA4000E9F0F80110E000E020E030E0A9015F012A
:10CA5000B0ED8B2E8D0E89E08815C8F19C2E689460
:10CA600091F88C2F8870C2FF16C0811102C00F5F31
:10CA70001F4F3196D501DC91C92DE9CFE114F104A6
:10CA800029F00E5F1F4FF7011183008360E070E013
:10CA900080EC9FE7BCC0882311F001501109A5E08C
:10CAA000B0E00E94DB689B01AC01220F331F441FE2
:10CAB000551F280D311D411D511D283999E9390790
:10CAC000490799E15907A8F2C6609C2ED2CFAEEF74
:10CAD0008A1206C0C3FD3CC09C2E689493F8C9CF4F
:10CAE000DF7DD534A9F580818D3239F4C061DF0155
:10CAF0001296818162E070E006C0DF018B32C1F3E3
:10CB0000119661E070E080535D01A61AB70A8A3081
:10CB1000F8F4E0E8CE16ECE0DE065CF4B601660F51
:10CB2000771F660F771FC60ED71ECC0CDD1CC80EF4
:10CB3000D11C5D01FFEFAF1ABF0A8C9180538A3080
:10CB4000A8F1C4FF03C0D194C194D1080C0D1D1DE0
:10CB5000C1FF09C0E114F10431F081E0A81AB10865
:10CB6000D701AD92BC92CA01B9010E946867C37037
:10CB7000C33009F490584B015C0120E030E0A9017A
:10CB80000E946367882309F440C0C7EDD2E017FF15
:10CB900005C0119501951109CFEBD2E06E01B8E106
:10CBA000CB1AD10880E2E82EF12C0FC0D501B1CF0D
:10CBB000FE0125913591459154910E191F09C5012A
:10CBC000B4010E94C9674B015C01D501C4010E1577
:10CBD0001F0574F72497F594E794CC16DD06A9F7A2
:10CBE0008A2F880F8B2F881F8F3F49F020E030E07D
:10CBF000A901C501B4010E946367811106C082E2E8
:10CC000090E090935C1080935B10C501B401DF91BC
:10CC1000CF911F910F91FF90EF90DF90CF90BF9039
:10CC2000AF909F908F9008953F924F925F926F9236
:10CC30007F928F929F92AF92BF92CF92DF92EF92AC
:10CC4000FF920F931F93CF93DF935C016B017A01E7
:10CC50006115710519F0FB0191838083E114F104E2
:10CC600051F0C7010297839730F040E030E020E0B8
:10CC700090E06BC05E01E5012196F5011081812FE6
:10CC800090E00E944267892BA9F71D3201F5219699
:10CC9000F501118101E0E114F10409F4E6C0F0E1CD
:10CCA000EF16F10409F088C0103359F488818F7DA4
:10CCB000883509F07CC0198122960260F0E1EF2EE0
:10CCC000F12C812C912CA12C88E0B82E92C01B3223
:10CCD00021F4E5012296F501118100E0DCCFEAE0C4
:10CCE000EE16F10409F4C7C0F0E1EF16F10409F003
:10CCF00073C0E7CF78E0E72EF12C812C912CA12C8A
:10CD000060E1B62E76C021E0ADC0302F3170C11485
:10CD1000D10431F0222371F12197F601D183C08330
:10CD200027FF2EC060E070E080E090E8311104C081
:10CD30006FEF7FEF8FEF9FE722E230E030935C10E0
:10CD400020935B10462F372F282F642F732F822FAD
:10CD5000DF91CF911F910F91FF90EF90DF90CF90D7
:10CD6000BF90AF909F908F907F906F905F904F900B
:10CD70003F90089501FF04C02297F601D183C0833C
:10CD8000332341F090958095709561957F4F8F4F3B
:10CD90009F4FD8CF97FFD6CF82E290E090935C1060
:10CDA00080935B106FEF7FEF8FEF9FE7CBCF10E3A8
:10CDB000E114F10409F49ECF28E0E216F10409F42D
:10CDC0009CCF0CF08CCF812C912CA12CE0E4BE2EBA
:10CDD00082E0E816F10469F060E070E080E090E83D
:10CDE00097010F2C000C440B550B0E949A684901C7
:10CDF0005A0120E060E070E0CB0127010F2C000C0D
:10CE000066087708FE0150ED352E310E39E03315F6
:10CE100070F43FEB310F49EC342E3A3138F03FE9F2
:10CE2000310F3A3108F071CF39EA332E310E3E140A
:10CE30001F040CF06ACF27FD15C086169706A806BA
:10CE4000B90678F0A30192010E948A68630D711DF2
:10CE5000811D911D61307105810520E8920708F45C
:10CE600052CF2FEF21961081CDCF103309F41ECF72
:10CE70002AE0E22EF12C9CEC892E982CA82C9CE028
:10CE8000B92EB7CF91110C943668803219F08950C1
:10CE90008550C8F70895FB01DC014150504088F0EF
:10CEA0008D9181341CF08B350CF4805E659161347A
:10CEB0001CF06B350CF4605E861B611171F3990BED
:10CEC0000895881BFCCF0E94A56708F481E00895AF
:10CED000E89409C097FB3EF4909580957095619514
:10CEE0007F4F8F4F9F4F9923A9F0F92F96E9BB27CA
:10CEF0009395F695879577956795B795F111F8CF46
:10CF0000FAF4BB0F11F460FF1BC06F5F7F4F8F4FB0
:10CF10009F4F16C0882311F096E911C0772321F0A6
:10CF20009EE8872F762F05C0662371F096E8862F3E
:10CF300070E060E02AF09A95660F771F881FDAF795
:10CF4000880F9695879597F90895990F0008550FC2
:10CF5000AA0BE0E8FEEF16161706E807F907C0F07F
:10CF600012161306E407F50798F0621B730B840B87
:10CF7000950B39F40A2661F0232B242B252B21F461
:10CF800008950A2609F4A140A6958FEF811D811D01
:10CF900008950E94DC670C9450680E94426838F043
:10CFA0000E94496820F0952311F00C9439680C9484
:10CFB0003F6811240C9484680E94616870F3959F07
:10CFC000C1F3950F50E0551F629FF001729FBB2780
:10CFD000F00DB11D639FAA27F00DB11DAA1F649F1C
:10CFE0006627B00DA11D661F829F2227B00DA11DCF
:10CFF000621F739FB00DA11D621F839FA00D611D55
:10D00000221F749F3327A00D611D231F849F600D75
:10D01000211D822F762F6A2F11249F5750409AF09E
:10D02000F1F088234AF0EE0FFF1FBB1F661F771F2A
:10D03000881F91505040A9F79E3F510580F00C94F5
:10D0400039680C9484685F3FE4F3983ED4F3869586
:10D0500077956795B795F795E7959F5FC1F7FE2B95
:10D06000880F911D9695879597F908959927882798
:10D07000089597F99F6780E870E060E008959FEF5A
:10D0800080EC089500240A9416161706180609065F
:10D09000089500240A94121613061406050608952E
:10D0A000092E0394000C11F4882352F0BB0F40F4B6
:10D0B000BF2B11F460FF04C06F5F7F4F8F4F9F4FF6
:10D0C000089557FD9058440F551F59F05F3F71F078
:10D0D0004795880F97FB991F61F09F3F79F08795DF
:10D0E0000895121613061406551FF2CF4695F1DF68
:10D0F00008C0161617061806991FF1CF86957105F8
:10D10000610508940895E894BB2766277727CB012B
:10D1100097F90895DB018F939F930E94DB68BF917D
:10D12000AF91A29F800D911DA39F900DB29F900D76
:10D1300011240895A1E21A2EAA1BBB1BFD010DC0EC
:10D14000AA1FBB1FEE1FFF1FA217B307E407F507B7
:10D1500020F0A21BB30BE40BF50B661F771F881F93
:10D16000991F1A9469F760957095809590959B0129
:10D17000AC01BD01CF010895052E97FB1EF400946C
:10D180000E94D36857FD07D00E949A6807FC03D01D
:10D190004EF40C94D36850954095309521953F4FAF
:10D1A0004F4F5F4F089590958095709561957F4F93
:10D1B0008F4F9F4F08950E94EE68A59F900DB49FDA
:10D1C000900DA49F800D911D11240895B7FF0C941C
:10D1D000DB680E94DB68821B930B0895A29FB0015D
:10D1E000B39FC001A39F700D811D1124911DB29F9B
:10D1F000700D811D1124911D08955058BB27AA2739
:10D200000E9415690C9450680E94426838F00E9490
:10D21000496820F039F49F3F19F426F40C943F68D4
:10D220000EF4E095E7FB0C943968E92F0E946168E1
:10D2300058F3BA17620773078407950720F079F44B
:10D24000A6F50C9483680EF4E0950B2EBA2FA02D52
:10D250000B01B90190010C01CA01A0011124FF27A3
:10D26000591B99F0593F50F4503E68F11A16F0409E
:10D27000A22F232F342F4427585FF3CF469537959D
:10D280002795A795F0405395C9F77EF41F16BA0B62
:10D29000620B730B840BBAF09150A1F0FF0FBB1F10
:10D2A000661F771F881FC2F70EC0BA0F621F731F59
:10D2B000841F48F4879577956795B795F7959E3FB6
:10D2C00008F0B0CF9395880F08F09927EE0F979547
:10D2D000879508950E947E690C9450680E94496861
:10D2E00058F00E94426840F029F45F3F29F00C9406
:10D2F000396851110C9484680C943F680E946168ED
:10D3000068F39923B1F3552391F3951B550BBB2774
:10D31000AA2762177307840738F09F5F5F4F220FB9
:10D32000331F441FAA1FA9F335D00E2E3AF0E0E8B0
:10D3300032D091505040E695001CCAF72BD0FE2FFA
:10D3400029D0660F771F881FBB1F2617370748078E
:10D35000AB07B0E809F0BB0B802DBF01FF27935846
:10D360005F4F3AF09E3F510578F00C9439680C9469
:10D3700084685F3FE4F3983ED4F38695779567958C
:10D38000B795F7959F5FC9F7880F911D969587957B
:10D3900097F90895E1E0660F771F881FBB1F62179A
:10D3A00073078407BA0720F0621B730B840BBA0B58
:10D3B000EE1F88F7E09508950E94E3696894B11123
:10D3C0000C94846808950E94696888F09F5798F0CB
:10D3D000B92F9927B751B0F0E1F0660F771F881F7A
:10D3E000991F1AF0BA95C9F714C0B13091F00E9494
:10D3F0008368B1E008950C948368672F782F88279D
:10D40000B85F39F0B93FCCF3869577956795B395BA
:10D41000D9F73EF490958095709561957F4F8F4F29
:10D420009F4F08950E94A56708F48FEF08950E940A
:10D43000A567880B990B0895AA1BBB1B51E107C078
:10D44000AA1FBB1FA617B70710F0A61BB70B881F94
:10D45000991F5A95A9F780959095BC01CD01089523
:10D4600097FB072E16F4009407D077FD09D00E9491
:10D470001C6A07FC05D03EF4909581959F4F089556
:10D48000709561957F4F0895EE0FFF1F881F8BBF2A
:10D490000790F691E02D19940F931F93CF93DF938C
:10D4A0008230910510F482E090E0E0915F10F091FD
:10D4B000601030E020E0B0E0A0E0309799F4211552
:10D4C000310509F44AC0281B390B24303105D8F541
:10D4D0008A819B816115710589F1FB0193838283A8
:10D4E000FE0111C040815181028113814817590703
:10D4F000E0F04817590799F4109761F012960C93D1
:10D50000129713961C933296CF01DF91CF911F9102
:10D510000F91089500935F1010936010F4CF2115C0
:10D52000310551F04217530738F0A901DB019A0188
:10D53000BD01DF01F801C1CFEF01F9CF9093601079
:10D5400080935F10CDCFFE01E20FF31F8193919383
:10D550002250310939832883D7CF20915D10309133
:10D560005E10232B41F4209121023091220230934E
:10D570005E1020935D1020911F0230912002211532
:10D58000310541F42DB73EB740912302509124025A
:10D59000241B350BE0915D10F0915E10E217F3074C
:10D5A000A0F42E1B3F0B2817390778F0AC014E5F13
:10D5B0005F4F2417350748F04E0F5F1F50935E10E2
:10D5C00040935D10819391939FCFF0E0E0E09CCF7A
:10D5D000CF93DF930097E9F0FC0132971382128218
:10D5E000A0915F10B0916010ED0130E020E0109745
:10D5F000A1F420813181820F931F20915D10309121
:10D600005E102817390709F061C0F0935E10E093AF
:10D610005D10DF91CF910895EA01CE17DF07E8F59D
:10D620004A815B819E0141155105B1F7E901FB83F8
:10D63000EA8349915991C40FD51FEC17FD0761F496
:10D64000808191810296840F951FE90199838883D7
:10D65000828193819B838A83F0E0E0E012968D9132
:10D660009C9113970097B9F52D913C911197CD019D
:10D670000296820F931F20915D1030915E10281743
:10D68000390739F6309751F51092601010925F10FB
:10D69000B0935E10A0935D10BCCFD383C283408152
:10D6A0005181840F951FC817D90761F44E5F5F4FF2
:10D6B00088819981480F591F518340838A819B81BA
:10D6C000938382832115310509F0B0CFF093601068
:10D6D000E0935F109ECFFD01DC01C0CF1382128268
:10D6E000D7CF81E090E0F8940C94D66BFB01DC017D
:10D6F00004C08D910190801921F441505040C8F729
:10D70000881B990B0895DC0101C06D934150504076
:10D71000E0F70895FB01DC018D9181341CF08B351D
:10D720000CF4805E619161341CF06B350CF4605E2A
:10D73000861B611189F3990B0895FC01819186176D
:10D7400021F08823D9F7992708953197CF010895BB
:10D75000FB01DC0101900D920020E1F70895FB012F
:10D76000DC014150504088F08D9181341CF08B35A4
:10D770000CF4805E619161341CF06B350CF4605EDA
:10D78000861B611171F3990B0895881BFCCFFB0177
:10D79000DC014150504048F001900D920020C9F743
:10D7A00001C01D9241505040E0F708951BE0C0ECCD
:10D7B000DBE000E006C0802FFE010E94446A219653
:10D7C000011DC13CD10780E00807A9F7F894FFCFFD
:10D7D000FF8903FFFFFFFF01FFFFFFFF60EA00007B
:10D7E000010101010101FFFFFFFFFF010000000037
:10D7F00000611020008801B80188014A018801B841
:10D800000188014A014B024B02EE010B020B028818
:10D8100001B801B8010B02EE01B8018801B8018816
:10D82000014A01B801B8010B02EE01B8018801B844
:10D830000188014A01A401A40130028403A401A4C7
:10D8400001300284033002A40130023002A40184BA
:10D8500003A401A4013002A401A4013002A401A484
:10D86000018403A401A4013002A401A4013002A494
:10D8700001A4014C045705BE035E056905C703B842
:10D8800003BE03C703191A1B1C1D1E1F20212223C0
:10D890002425262728010203040000000000B714F5
:10D8A000FB21A71446208714671F711F000000008A
:10D8B000991303133013E61361133F13531300003E
:10D8C0000000EA210313DB1F0C2800000000C92818
:10D8D0009C28932C510E9528822873280000000064
:10D8E00053240313932C0C287416510EF826D026BB
:10D8F000EC26E0266027510E19223D2CE4152D164A
:10D900001926FC25842525250D0A006E616E006907
:10D910006E66006F7666003F002F00746170706164
:10D92000006D6F7262696461006C696E6561726539
:10D93000007369006F6E00747275650061636365E2
:10D94000736F0030006E6F006F66660066616C7307
:10D9500065007370656E746F0050524553455045B5
:10D960002E494E4900505245534550452E54585467
:10D97000004349434C4F00464153490052454C45F2
:10D9800000434F4C4F5249004349454C4F005452BD
:10D99000414D4F4E544F00414C4241005354454C71
:10D9A0004C45004341534554544500534953544555
:10D9B0004D41006475726174613100647572617407
:10D9C0006132006475726174613300706F745F6DF1
:10D9D000696E00706F745F6D617800706F745F695D
:10D9E0006E7665727469746F0070617274656E7AB8
:10D9F00061006D61726369610070617573610063DC
:10DA00007265707573636F6C6F006C6F67696361CB
:10DA100000616C7461006261737361006E6F6D65AB
:10DA200000666F727A61006175746F006576656E6D
:10DA3000746F006C756D5F6369656C6F006C756DFC
:10DA40005F7472616D6F6E746F006C756D5F616C89
:10DA500062610067616D6D610070776D5F696E7600
:10DA600065727469746F006E756D65726F006174B4
:10DA700074697665006C756D5F6D696E006C756DAF
:10DA80005F6D6178006C6976656C6C6F5F6E6F744A
:10DA90007465007363696E74696C6C696F5F6D693E
:10DAA0006E007363696E74696C6C696F5F6D617829
:10DAB00000636F6C6F726500616363656E6469001B
:10DAC000737065676E690066756F636F0064697374
:10DAD000736F6C76656E7A615F6D730062757A7ACA
:10DAE0006572006D656C6F6469615F617676696F00
:10DAF000006175746F746573745F617676696F0029
:10DB000066617374626F6F74006F6C656400626548
:10DB100065705F687A00626565705F6D730064654B
:10DB20006275675F6D730047494F524E4F00435215
:10DB300045505553434F4C4F004E4F5454450000F1
:00000001FF
